-- MySQL dump 10.13  Distrib 8.0.41, for Win64 (x86_64)
--
-- Host: 127.0.0.1    Database: feeling_musicdb
-- ------------------------------------------------------
-- Server version	8.4.4

/*!40101 SET @OLD_CHARACTER_SET_CLIENT=@@CHARACTER_SET_CLIENT */;
/*!40101 SET @OLD_CHARACTER_SET_RESULTS=@@CHARACTER_SET_RESULTS */;
/*!40101 SET @OLD_COLLATION_CONNECTION=@@COLLATION_CONNECTION */;
/*!50503 SET NAMES utf8 */;
/*!40103 SET @OLD_TIME_ZONE=@@TIME_ZONE */;
/*!40103 SET TIME_ZONE='+00:00' */;
/*!40014 SET @OLD_UNIQUE_CHECKS=@@UNIQUE_CHECKS, UNIQUE_CHECKS=0 */;
/*!40014 SET @OLD_FOREIGN_KEY_CHECKS=@@FOREIGN_KEY_CHECKS, FOREIGN_KEY_CHECKS=0 */;
/*!40101 SET @OLD_SQL_MODE=@@SQL_MODE, SQL_MODE='NO_AUTO_VALUE_ON_ZERO' */;
/*!40111 SET @OLD_SQL_NOTES=@@SQL_NOTES, SQL_NOTES=0 */;

--
-- Table structure for table `alumno`
--

DROP TABLE IF EXISTS `alumno`;
/*!40101 SET @saved_cs_client     = @@character_set_client */;
/*!50503 SET character_set_client = utf8mb4 */;
CREATE TABLE `alumno` (
  `id` bigint NOT NULL AUTO_INCREMENT,
  `nombre` varchar(41) COLLATE utf8mb4_general_ci DEFAULT NULL,
  `apellido` varchar(41) COLLATE utf8mb4_general_ci DEFAULT NULL,
  `rut` varchar(10) COLLATE utf8mb4_general_ci DEFAULT NULL,
  `numero_telefono` varchar(13) COLLATE utf8mb4_general_ci DEFAULT NULL,
  `email` varchar(100) COLLATE utf8mb4_general_ci DEFAULT NULL,
  `comentarios` text COLLATE utf8mb4_general_ci,
  `fecha_registro` datetime DEFAULT CURRENT_TIMESTAMP,
  `profesor_id` bigint DEFAULT NULL,
  `estado` enum('activo','inactivo') COLLATE utf8mb4_general_ci DEFAULT 'activo',
  `instrumento_alumno` varchar(255) COLLATE utf8mb4_general_ci DEFAULT NULL,
  `modalidad_alumno` enum('individual','grupal') COLLATE utf8mb4_general_ci DEFAULT 'individual',
  `monto` int DEFAULT NULL,
  `dia_pago` int DEFAULT NULL,
  PRIMARY KEY (`id`),
  UNIQUE KEY `email` (`email`)
) ENGINE=InnoDB AUTO_INCREMENT=79 DEFAULT CHARSET=utf8mb4 COLLATE=utf8mb4_general_ci;
/*!40101 SET character_set_client = @saved_cs_client */;

--
-- Dumping data for table `alumno`
--

LOCK TABLES `alumno` WRITE;
/*!40000 ALTER TABLE `alumno` DISABLE KEYS */;
INSERT INTO `alumno` VALUES (32,'Carlos','López','98765432-1','+56987654321','carlos.lopez@gmail.com','Guitarra','2025-04-17 13:11:11',12,'activo','Guitarra','individual',40000,1),(33,'Juan','Pérez','12345678-9','123456789','juan.perez@gmail.com',NULL,'2025-04-21 15:18:38',NULL,'activo','Piano','individual',60000,5),(34,'Juan','Pérez','4858487-5','123456789','juan.pérez@example.com',NULL,'2025-04-21 15:22:41',NULL,'activo','violin','individual',40000,15),(35,'María','García','2126006-3','123456789','maría.garcía@example.com',NULL,'2025-04-21 15:22:41',NULL,'activo','bateria','individual',25000,30),(36,'Pedro','Martínez','6786139-8','123456789','pedro.martínez@example.com',NULL,'2025-04-21 15:22:41',NULL,'activo','ukelele','individual',25000,1),(38,'Luis','González','5132312-5','123456789','luis.gonzález@example.com',NULL,'2025-04-21 15:22:41',NULL,'activo','ukelele','individual',25000,5),(39,'Sofía','López','8596346-9','123456789','sofía.lópez@example.com',NULL,'2025-04-21 15:22:41',NULL,'activo','violin','individual',40000,15),(40,'Carlos','Díaz','5810182-0','123456789','carlos.díaz@example.com',NULL,'2025-04-21 15:22:41',NULL,'activo','cello','individual',40000,30),(41,'Elena','Hernández','3858200-2','123456789','elena.hernández@example.com',NULL,'2025-04-21 15:22:41',NULL,'activo','guitarra','individual',25000,1),(42,'Alejandro','Morales','9455025-0','123456788','alejandro.morales@example.com','Vive muy lejos','2025-04-21 15:22:41',NULL,'activo','guitarra','individual',25000,5),(43,'Valeria','Gómez','4652292-6','123456789','valeria.gómez@example.com',NULL,'2025-04-21 15:22:41',NULL,'activo','teoria musical','individual',60000,30),(44,'Gabriel','Sánchez','21802-2','123456789','gabriel.sánchez@example.com',NULL,'2025-04-21 15:22:41',NULL,'activo','bajo','individual',25000,15),(45,'Isabella','Ramírez','9338615-7','123456789','isabella.ramírez@example.com',NULL,'2025-04-21 15:22:41',NULL,'activo','bajo','individual',40000,30),(46,'Julian','Torres','324694-2','123456789','julian.torres@example.com',NULL,'2025-04-21 15:22:41',NULL,'activo','cello','individual',25000,1),(47,'Lucia','Flores','782162-3','123456789','lucia.flores@example.com',NULL,'2025-04-21 15:22:41',NULL,'activo','guitarra','individual',60000,5),(48,'Mateo','Rivera','1891359-3','123456789','mateo.rivera@example.com',NULL,'2025-04-21 15:22:41',NULL,'activo','cello','individual',60000,15),(49,'Daniela','Castillo','6759086-9','123456789','daniela.castillo@example.com',NULL,'2025-04-21 15:22:41',NULL,'activo','teoria musical','individual',40000,30),(50,'Sebastian','Cruz','3831631-5','123456789','sebastian.cruz@example.com',NULL,'2025-04-21 15:22:41',NULL,'activo','bateria','individual',60000,1),(51,'Paula','Ortiz','8399926-7','123456789','paula.ortiz@example.com',NULL,'2025-04-21 15:22:41',NULL,'activo','guitarra','individual',60000,15),(52,'Nicolás','Gutiérrez','736396-1','123456789','nicolás.gutiérrez@example.com',NULL,'2025-04-21 15:22:41',NULL,'activo','bajo','individual',25000,5),(53,'Gabriela','Álvarez','9613465-4','123456789','gabriela.álvarez@example.com',NULL,'2025-04-21 15:22:41',NULL,'activo','cello','individual',60000,30),(54,'Sofía','López','98765432-1','+56987654321','laura.martinez@gmail.com','','2025-04-30 18:16:01',35,'activo','bajo','individual',40000,5),(55,'Felipe ','Torres','21172910-4','+56912345678','felipetorres@gmail.com','','2025-05-01 12:16:00',35,'activo','guitarra','individual',60000,1),(58,'Felipe ','Torres','21172910-4','+56912345678','felipetorress@gmail.com','','2025-05-01 14:10:31',35,'activo','teoria musical','individual',25000,30),(59,'Javiera','Molina','18456789-5','+56987654321','javieramolina@gmail.com','','2025-05-01 15:24:41',35,'activo','bajo','individual',60000,15),(60,'Leonardo','Reyes','98765432-9','+56987654321','juano@gmail.com','','2025-05-05 03:38:31',35,'activo','cello','individual',40000,1),(64,'Mateo','Hernandez','98765432-4','+56987654321','laura.martinez@gmail.coa','','2025-05-05 03:39:43',35,'activo','bajo','individual',40000,15),(65,'Daniel','Sánchez','98765432-2','+56987654321','laura.martignez@gmail.com','','2025-05-05 03:46:36',35,'activo','bateria','individual',25000,30),(66,'Nicolás','Martinez','98765432-5','+56987654321','laura.dccdmartinez@gmail.com','','2025-05-05 04:20:42',35,'activo','teoria musical','individual',40000,15),(67,'Pabla ','leona','21142910-4','+56975859526','pablaleona@gmail.com','','2025-05-05 18:05:52',12,'activo','bajo','individual',40000,30),(68,'Ludwig','Van Beethoven','98765432-8','+56987654321','beethoven@gmail.com',NULL,'2025-05-14 19:55:27',35,'activo',NULL,'individual',NULL,NULL),(69,'Ludwig','Van Beethoven','98765432-6','+56987654321','beethoven1@gmail.com',NULL,'2025-05-14 19:57:09',35,'inactivo',NULL,'individual',NULL,NULL),(70,'Nicolás','López','98765432-0','+56912345678','niclop@gmail.com','comentario','2025-05-14 20:02:11',35,'activo','guitarra','individual',40000,1),(71,'Matías ','Díaz','20648219-3','+56912345678','matiasdiaz@gmail.com','Comentario adicional','2025-05-19 12:13:56',35,'activo','piano','individual',40000,10),(72,'Julián','Reyes','20219846-8','+56912345678','julianreyes@gmail.com','Comentario','2025-05-19 12:53:50',35,'activo','batería','individual',30000,5),(73,'Francisca','Valdés','18765432-1','+56981234567','franciscavaldes@gmail.com','','2025-05-19 12:55:54',35,'activo','piano','grupal',40000,25),(75,'Alumno','Prueba 2','12121121-1','+56975859526','alumnoprueba2@gmail.com','Comentario.','2025-05-26 09:23:07',35,'inactivo','bajo','individual',40000,5),(76,'Ana','Rodriguez','13131313-3','+56975859526','ana@gmail.com','Toca batería en la escuela.','2025-06-02 03:54:46',35,'activo','batería','individual',40000,5),(77,'vicente ','fernandez ','17426723-5','+56975859526','vicente@gmail.com',NULL,'2025-06-02 13:40:54',42,'activo',NULL,'individual',NULL,NULL);
/*!40000 ALTER TABLE `alumno` ENABLE KEYS */;
UNLOCK TABLES;

--
-- Table structure for table `asistencia`
--

DROP TABLE IF EXISTS `asistencia`;
/*!40101 SET @saved_cs_client     = @@character_set_client */;
/*!50503 SET character_set_client = utf8mb4 */;
CREATE TABLE `asistencia` (
  `id` bigint NOT NULL AUTO_INCREMENT,
  `alumno_id` bigint DEFAULT NULL,
  `clase_id` bigint DEFAULT NULL,
  `fecha` date DEFAULT NULL,
  `hora_inicio` time DEFAULT NULL,
  `hora_fin` time DEFAULT NULL,
  `estado` varchar(20) COLLATE utf8mb4_general_ci DEFAULT NULL,
  `profesor_id` bigint DEFAULT NULL,
  PRIMARY KEY (`id`),
  KEY `alumno_id` (`alumno_id`),
  KEY `clase_id` (`clase_id`),
  KEY `profesor_id` (`profesor_id`),
  CONSTRAINT `asistencia_ibfk_1` FOREIGN KEY (`alumno_id`) REFERENCES `alumno` (`id`),
  CONSTRAINT `asistencia_ibfk_2` FOREIGN KEY (`clase_id`) REFERENCES `clases` (`id`),
  CONSTRAINT `asistencia_ibfk_3` FOREIGN KEY (`profesor_id`) REFERENCES `profesor` (`id`)
) ENGINE=InnoDB DEFAULT CHARSET=utf8mb4 COLLATE=utf8mb4_general_ci;
/*!40101 SET character_set_client = @saved_cs_client */;

--
-- Dumping data for table `asistencia`
--

LOCK TABLES `asistencia` WRITE;
/*!40000 ALTER TABLE `asistencia` DISABLE KEYS */;
/*!40000 ALTER TABLE `asistencia` ENABLE KEYS */;
UNLOCK TABLES;

--
-- Table structure for table `bandas`
--

DROP TABLE IF EXISTS `bandas`;
/*!40101 SET @saved_cs_client     = @@character_set_client */;
/*!50503 SET character_set_client = utf8mb4 */;
CREATE TABLE `bandas` (
  `id` int NOT NULL AUTO_INCREMENT,
  `nombre` varchar(255) NOT NULL,
  `fecha_registro` timestamp NULL DEFAULT CURRENT_TIMESTAMP,
  PRIMARY KEY (`id`),
  UNIQUE KEY `nombre_unica` (`nombre`)
) ENGINE=InnoDB AUTO_INCREMENT=14 DEFAULT CHARSET=utf8mb4 COLLATE=utf8mb4_0900_ai_ci;
/*!40101 SET character_set_client = @saved_cs_client */;

--
-- Dumping data for table `bandas`
--

LOCK TABLES `bandas` WRITE;
/*!40000 ALTER TABLE `bandas` DISABLE KEYS */;
INSERT INTO `bandas` VALUES (7,'Becerra Banda','2025-06-09 02:47:09'),(8,'Banda F','2025-06-09 02:47:22'),(9,'Andromeda','2025-06-09 02:47:28'),(10,'Los falsos referentes','2025-06-09 02:47:35'),(11,'Proyecto cristina','2025-06-09 02:47:56'),(12,'Dale cumbia','2025-06-09 02:48:05'),(13,'Profugos','2025-06-09 02:48:14');
/*!40000 ALTER TABLE `bandas` ENABLE KEYS */;
UNLOCK TABLES;

--
-- Table structure for table `clases`
--

DROP TABLE IF EXISTS `clases`;
/*!40101 SET @saved_cs_client     = @@character_set_client */;
/*!50503 SET character_set_client = utf8mb4 */;
CREATE TABLE `clases` (
  `id` bigint NOT NULL AUTO_INCREMENT,
  `nombre` varchar(50) COLLATE utf8mb4_general_ci DEFAULT NULL,
  `modalidad_id` bigint DEFAULT NULL,
  `instrumento_id` bigint DEFAULT NULL,
  `horario_id` bigint DEFAULT NULL,
  `profesor_id` bigint DEFAULT NULL,
  `estado` varchar(15) COLLATE utf8mb4_general_ci DEFAULT NULL,
  `fecha` date DEFAULT NULL,
  `alumno_id` bigint DEFAULT NULL,
  `tipo` enum('normal','recuperacion','cancelada','banda') COLLATE utf8mb4_general_ci DEFAULT 'normal',
  `fecha_especifica_clase` date DEFAULT NULL,
  `banda_id` int DEFAULT NULL,
  PRIMARY KEY (`id`),
  KEY `modalidad_id` (`modalidad_id`),
  KEY `instrumento_id` (`instrumento_id`),
  KEY `horario_id` (`horario_id`),
  KEY `profesor_id` (`profesor_id`),
  KEY `fk_clases_bandas` (`banda_id`),
  CONSTRAINT `clases_ibfk_1` FOREIGN KEY (`modalidad_id`) REFERENCES `modalidades` (`id`),
  CONSTRAINT `clases_ibfk_2` FOREIGN KEY (`instrumento_id`) REFERENCES `instrumentos` (`id`),
  CONSTRAINT `clases_ibfk_3` FOREIGN KEY (`horario_id`) REFERENCES `horarios` (`id`),
  CONSTRAINT `clases_ibfk_4` FOREIGN KEY (`profesor_id`) REFERENCES `profesor` (`id`),
  CONSTRAINT `fk_clases_bandas` FOREIGN KEY (`banda_id`) REFERENCES `bandas` (`id`) ON DELETE SET NULL ON UPDATE CASCADE
) ENGINE=InnoDB AUTO_INCREMENT=345 DEFAULT CHARSET=utf8mb4 COLLATE=utf8mb4_general_ci;
/*!40101 SET character_set_client = @saved_cs_client */;

--
-- Dumping data for table `clases`
--

LOCK TABLES `clases` WRITE;
/*!40000 ALTER TABLE `clases` DISABLE KEYS */;
INSERT INTO `clases` VALUES (192,'Clase - Gabriel Sánchez',47,27,47,35,'cancelada','2025-05-21',44,'normal','2002-06-25',NULL),(193,'Clase - Luis González',37,NULL,53,35,'cancelada','2025-05-21',38,'normal',NULL,NULL),(194,'Clase - Daniela Castillo',28,NULL,53,35,'cancelada','2025-05-21',49,'normal',NULL,NULL),(195,'Clase - Daniela Castillo',37,NULL,53,35,'cancelada','2025-05-21',49,'normal',NULL,NULL),(196,'Clase - Gabriel Sánchez',47,NULL,53,35,'activo','2025-05-21',44,NULL,NULL,NULL),(197,'Clase - Luis González',37,NULL,47,35,'cancelada','2025-05-21',38,'normal',NULL,NULL),(198,'Clase - Felipe  Torres',37,NULL,47,35,'cancelada','2025-05-21',55,'normal',NULL,NULL),(199,'Clase - Javiera Molina',61,NULL,47,35,'cancelada','2025-05-21',59,'normal',NULL,NULL),(200,'Clase - Juan Pérez',27,NULL,47,35,'cancelada','2025-05-21',33,'normal',NULL,NULL),(203,'Clase - Juan Pérez',37,NULL,44,35,'activo',NULL,33,'normal',NULL,NULL),(204,'Clase - Javiera Molina',37,NULL,44,35,'activo',NULL,59,'normal',NULL,NULL),(205,'Clase - Lucia Flores',46,NULL,44,35,'cancelada',NULL,47,'normal',NULL,NULL),(206,'Clase - María García',37,NULL,44,35,'cancelada',NULL,35,'normal',NULL,NULL),(207,'Clase - Gabriel Sánchez',37,NULL,53,35,'activo',NULL,44,'normal',NULL,NULL),(208,'Clase - Carlos Díaz',62,NULL,68,35,'cancelada','2025-05-22',40,'normal',NULL,NULL),(209,'Clase - Daniela Castillo',28,NULL,68,35,'cancelada','2025-05-22',49,'normal',NULL,NULL),(210,'Clase - Carlos Díaz',62,NULL,68,35,'cancelada',NULL,40,'normal',NULL,NULL),(211,'Clase - Daniela Castillo',28,NULL,68,35,'cancelada',NULL,49,'normal',NULL,NULL),(212,'Clase - Luis González',37,NULL,68,35,'activo',NULL,38,'normal',NULL,NULL),(213,'Clase - Carlos Díaz',62,NULL,68,35,'cancelada',NULL,40,'normal',NULL,NULL),(214,'Clase - Daniela Castillo',28,NULL,68,35,'cancelada',NULL,49,'normal',NULL,NULL),(215,'Clase - Luis González',35,NULL,68,35,'activo',NULL,38,'normal',NULL,NULL),(216,'Clase - Carlos Díaz',62,NULL,68,35,'cancelada','2025-05-22',40,'normal',NULL,NULL),(217,'Clase - Luis González',35,NULL,68,35,'cancelada','2025-05-22',38,'normal',NULL,NULL),(218,'Clase - Daniela Castillo',28,NULL,68,35,'cancelada','2025-05-22',49,'normal',NULL,NULL),(219,'Clase - Carlos Díaz',62,NULL,68,35,'cancelada',NULL,40,'normal',NULL,NULL),(220,'Clase - Luis González',35,NULL,68,35,'activo',NULL,38,'normal',NULL,NULL),(221,'Clase - Daniela Castillo',28,NULL,68,35,'cancelada',NULL,49,'normal',NULL,NULL),(223,'Clase - Carlos Díaz',62,NULL,68,35,'cancelada',NULL,40,'normal',NULL,NULL),(224,'Clase - Luis González',35,NULL,68,35,'activo',NULL,38,'normal',NULL,NULL),(225,'Clase - Daniela Castillo',28,NULL,68,35,'cancelada',NULL,49,'normal',NULL,NULL),(226,'Clase - Gabriel Sánchez',47,NULL,68,35,'cancelada',NULL,44,'normal',NULL,NULL),(227,'Clase - Carlos Díaz',62,NULL,68,35,'cancelada',NULL,40,'normal',NULL,NULL),(228,'Clase - Luis González',35,NULL,68,35,'activo',NULL,38,'normal',NULL,NULL),(229,'Clase - Carlos Díaz',62,NULL,68,35,'cancelada',NULL,40,'normal',NULL,NULL),(230,'Clase - Luis González',35,NULL,68,35,'activo',NULL,38,'normal',NULL,NULL),(231,'Clase - Daniela Castillo',28,NULL,68,35,'cancelada',NULL,49,'normal',NULL,NULL),(232,'Clase - Gabriel Sánchez',47,NULL,68,35,'cancelada',NULL,44,'normal',NULL,NULL),(233,'Clase - Carlos Díaz',37,NULL,68,35,'cancelada',NULL,40,'normal',NULL,NULL),(234,'Clase - Luis González',35,NULL,68,35,'activo',NULL,38,'normal',NULL,NULL),(235,'Clase - Carlos Díaz',37,NULL,68,35,'cancelada',NULL,40,'normal',NULL,NULL),(236,'Clase - Luis González',35,NULL,68,35,'activo',NULL,38,'normal',NULL,NULL),(237,'Clase - Carlos Díaz',37,NULL,68,35,'cancelada',NULL,40,'normal',NULL,NULL),(238,'Clase - Luis González',35,NULL,68,35,'activo',NULL,38,'normal',NULL,NULL),(239,'Clase - Luis González',35,NULL,68,35,'activo',NULL,38,'normal',NULL,NULL),(240,'Clase - Juan Pérez',37,NULL,44,35,'activo',NULL,33,'normal',NULL,NULL),(241,'Clase - Javiera Molina',37,NULL,44,35,'activo',NULL,59,'normal',NULL,NULL),(242,'Clase - Elena Hernández',40,NULL,44,35,'cancelada',NULL,41,'normal',NULL,NULL),(243,'Clase - Gabriel Sánchez',47,NULL,53,35,'activo',NULL,44,'normal',NULL,NULL),(244,'Clase - Gabriel Sánchez',47,NULL,53,35,'activo',NULL,44,'normal',NULL,NULL),(245,'Clase - Juan Pérez',37,NULL,44,35,'activo',NULL,33,'normal',NULL,NULL),(246,'Clase - Javiera Molina',61,NULL,44,35,'activo',NULL,59,'normal',NULL,NULL),(247,'Clase - Gabriel Sánchez',47,NULL,53,35,'activo',NULL,44,'normal',NULL,NULL),(248,'Clase - Gabriel Sánchez',47,NULL,53,35,'activo',NULL,44,'normal',NULL,NULL),(249,'Clase - Gabriel Sánchez',37,NULL,53,35,'activo',NULL,44,'normal',NULL,NULL),(250,'Clase - Gabriel Sánchez',37,NULL,53,35,'activo',NULL,44,'normal',NULL,NULL),(251,'Recuperación - Nicolás Martinez',63,NULL,44,35,'cancelada','2025-05-26',66,'recuperacion',NULL,NULL),(252,'Clase - Javiera Molina',61,NULL,44,35,'cancelada','2025-05-23',59,'normal',NULL,NULL),(253,'Clase - Julián Reyes',37,NULL,44,35,'cancelada','2025-05-23',72,NULL,NULL,NULL),(254,'Clase - Daniela Castillo',28,NULL,44,35,'cancelada','2025-05-23',49,'normal',NULL,NULL),(255,'Recuperación - Daniela Castillo',28,NULL,44,35,'cancelada','2025-05-26',49,'recuperacion',NULL,NULL),(256,'Clase - Daniela Castillo',37,NULL,44,35,'cancelada','2025-05-23',49,'normal',NULL,NULL),(260,'Clase - Nicolás Gutiérrez',51,NULL,53,35,'activo','2025-05-23',52,'normal',NULL,NULL),(277,'Ensayo Banda: Banda jajas',NULL,NULL,44,35,'activo','2025-05-25',NULL,'banda',NULL,NULL),(287,'Clase - Francisca Valdés',68,NULL,70,38,'activo','2025-05-26',73,'normal',NULL,NULL),(288,'Clase - Julián Reyes',69,NULL,71,39,'activo','2025-05-26',72,'normal',NULL,NULL),(293,'Clase - Juan Pérez',74,NULL,74,43,'activo','2025-05-26',34,'normal',NULL,NULL),(294,'Clase - Nicolás Gutiérrez',75,NULL,75,40,'activo','2025-05-26',52,'normal',NULL,NULL),(295,'Clase - Paula Ortiz',75,NULL,75,40,'activo','2025-05-26',51,'normal',NULL,NULL),(296,'Clase - Sofía López',75,NULL,75,40,'activo','2025-05-26',39,'normal',NULL,NULL),(297,'Clase - Francisca Valdés',75,NULL,75,40,'activo','2025-05-26',73,'normal',NULL,NULL),(314,'Clase - Pabla  leona',48,NULL,71,35,'activo','2025-05-30',67,'normal',NULL,NULL),(321,'Clase - Alejandro Morales',37,NULL,44,35,'activo','2025-06-01',42,'normal',NULL,NULL),(322,'Clase - Lucia Flores',37,NULL,44,35,'activo','2025-06-01',47,'normal',NULL,NULL),(323,'Clase - Gabriela Álvarez',37,NULL,44,35,'activo','2025-06-01',53,'normal',NULL,NULL),(324,'Clase - Carlos López',43,NULL,44,35,'activo','2025-06-01',32,'normal',NULL,NULL),(325,'Clase - Valeria Gómez',57,NULL,44,35,'activo','2025-06-01',43,'normal',NULL,NULL),(326,'Clase - Francisca Valdés',37,NULL,44,35,'activo','2025-06-01',73,'normal',NULL,NULL),(328,'Recuperación - Nicolás Gutiérrez',51,NULL,72,35,'activo','2025-06-02',52,'recuperacion',NULL,NULL),(329,'Clase - Ana Rodriguez',76,27,44,35,'activo','2025-06-02',76,'normal','2025-06-25',NULL),(330,'Clase - Alejandro Morales',74,NULL,76,43,'activo','2025-06-02',42,'normal',NULL,NULL),(331,'Clase - Daniela Castillo',77,NULL,76,43,'activo','2025-06-02',49,'normal',NULL,NULL),(334,'Recuperación - Gabriel Sánchez',80,NULL,77,42,'activo','2025-06-09',44,'recuperacion',NULL,NULL),(339,'Clase - Ana Rodriguez',83,NULL,78,42,'activo','2025-06-02',76,'normal',NULL,NULL),(341,'Clase - Valeria Gómez',84,NULL,73,42,'activo','2025-06-02',43,'normal',NULL,NULL),(343,'Ensayo Banda: Los falsos referentes',NULL,NULL,79,43,'activo','2025-06-09',NULL,'banda',NULL,10),(344,'Ensayo Banda: Andromeda',NULL,NULL,74,43,'activo','2025-06-09',NULL,'banda',NULL,9);
/*!40000 ALTER TABLE `clases` ENABLE KEYS */;
UNLOCK TABLES;

--
-- Table structure for table `horarios`
--

DROP TABLE IF EXISTS `horarios`;
/*!40101 SET @saved_cs_client     = @@character_set_client */;
/*!50503 SET character_set_client = utf8mb4 */;
CREATE TABLE `horarios` (
  `id` bigint NOT NULL AUTO_INCREMENT,
  `dia` enum('Lunes','Martes','Miércoles','Jueves','Viernes','Sábado','Domingo') COLLATE utf8mb4_general_ci DEFAULT NULL,
  `mes` int DEFAULT NULL,
  `annio` int DEFAULT NULL,
  `hora_inicio` time DEFAULT NULL,
  `hora_fin` time DEFAULT NULL,
  `estado` varchar(50) COLLATE utf8mb4_general_ci DEFAULT NULL,
  `profesor_id` int DEFAULT NULL,
  PRIMARY KEY (`id`)
) ENGINE=InnoDB AUTO_INCREMENT=80 DEFAULT CHARSET=utf8mb4 COLLATE=utf8mb4_general_ci;
/*!40101 SET character_set_client = @saved_cs_client */;

--
-- Dumping data for table `horarios`
--

LOCK TABLES `horarios` WRITE;
/*!40000 ALTER TABLE `horarios` DISABLE KEYS */;
INSERT INTO `horarios` VALUES (25,'Jueves',1,2024,'12:00:00','13:00:00','Ocupado',20),(27,'Miércoles',1,2024,'02:45:00','03:45:00','Ocupado',12),(32,'Lunes',1,2024,'08:00:00','09:00:00','Disponible',12),(33,'Miércoles',1,2024,'12:00:00','13:00:00','Disponible',12),(34,'Miércoles',1,2024,'08:00:00','09:00:00','Disponible',12),(36,'Martes',1,2024,'09:00:00','10:00:00','Disponible',12),(41,'Lunes',1,2024,'14:00:00','15:00:00','Ocupado',12),(44,'Lunes',5,2025,'14:00:00','15:00:00','Ocupado',35),(45,'Lunes',5,2025,'14:00:00','15:00:00','Ocupado',35),(46,'Lunes',5,2025,'12:00:00','13:00:00','Ocupado',35),(47,'Lunes',5,2025,'13:00:00','14:00:00','Ocupado',35),(48,'Lunes',5,2025,'12:00:00','13:00:00','Ocupado',12),(49,'Jueves',5,2025,'12:00:00','13:00:00','Ocupado',35),(50,'Lunes',5,2025,'13:00:00','14:00:00','Ocupado',35),(52,'Lunes',5,2025,'17:00:00','18:00:00','Ocupado',35),(53,'Lunes',5,2025,'15:00:00','16:00:00','Ocupado',35),(54,'Martes',5,2025,'14:00:00','15:00:00','Ocupado',35),(55,'Lunes',5,2025,'15:00:00','16:00:00','Ocupado',35),(60,'Miércoles',5,2025,'12:00:00','13:00:00','Ocupado',35),(63,'Lunes',5,2025,'18:00:00','19:00:00','Ocupado',35),(64,'Lunes',5,2025,'16:00:00','17:00:00','Ocupado',35),(65,'Martes',5,2025,'13:00:00','14:00:00','Ocupado',35),(66,'Martes',5,2025,'12:00:00','13:00:00','Ocupado',35),(67,'Martes',5,2025,'16:00:00','17:00:00','Ocupado',35),(68,'Lunes',5,2025,'11:00:00','12:00:00','Ocupado',35),(69,'Lunes',5,2025,'14:00:00','15:00:00','Ocupado',37),(70,'Lunes',5,2025,'16:00:00','17:00:00','Ocupado',38),(71,'Lunes',5,2025,'16:00:00','17:00:00','Ocupado',39),(72,'Lunes',5,2025,'14:00:00','15:00:00','Ocupado',39),(73,'Lunes',5,2025,'14:00:00','15:00:00','Ocupado',41),(74,'Lunes',5,2025,'16:00:00','17:00:00','Ocupado',43),(75,'Lunes',5,2025,'17:00:00','18:00:00','Ocupado',40),(76,'Lunes',6,2025,'14:00:00','15:00:00','Ocupado',43),(77,'Lunes',6,2025,'14:00:00','15:00:00','Ocupado',42),(78,'Jueves',6,2025,'13:00:00','14:00:00','Ocupado',42),(79,'Lunes',6,2025,'15:00:00','16:00:00','Ocupado',43);
/*!40000 ALTER TABLE `horarios` ENABLE KEYS */;
UNLOCK TABLES;

--
-- Table structure for table `instrumentos`
--

DROP TABLE IF EXISTS `instrumentos`;
/*!40101 SET @saved_cs_client     = @@character_set_client */;
/*!50503 SET character_set_client = utf8mb4 */;
CREATE TABLE `instrumentos` (
  `id` bigint NOT NULL AUTO_INCREMENT,
  `nombre` varchar(20) COLLATE utf8mb4_general_ci DEFAULT NULL,
  `profesor_id` bigint DEFAULT NULL,
  `estado` enum('activo','inactivo') COLLATE utf8mb4_general_ci DEFAULT 'activo',
  `fecha_registro` datetime DEFAULT CURRENT_TIMESTAMP,
  PRIMARY KEY (`id`),
  KEY `profesor_id` (`profesor_id`),
  CONSTRAINT `instrumentos_ibfk_1` FOREIGN KEY (`profesor_id`) REFERENCES `profesor` (`id`)
) ENGINE=InnoDB AUTO_INCREMENT=73 DEFAULT CHARSET=utf8mb4 COLLATE=utf8mb4_general_ci;
/*!40101 SET character_set_client = @saved_cs_client */;

--
-- Dumping data for table `instrumentos`
--

LOCK TABLES `instrumentos` WRITE;
/*!40000 ALTER TABLE `instrumentos` DISABLE KEYS */;
INSERT INTO `instrumentos` VALUES (27,'guitarra',35,'activo','2025-05-01 13:17:17'),(28,'batería',35,'activo','2025-05-01 13:17:17'),(29,'bajo',35,'activo','2025-05-01 13:17:17'),(30,'acordeón',35,'activo','2025-05-01 13:17:17'),(31,'piano',35,'activo','2025-05-01 13:17:17'),(32,'canto',35,'activo','2025-05-01 13:17:17'),(33,'cello',35,'activo','2025-05-01 13:17:17'),(34,'ukelele',35,'activo','2025-05-01 13:17:17'),(49,'guitarra',38,'activo','2025-05-26 14:19:12'),(50,'piano',38,'activo','2025-05-26 14:19:12'),(51,'bateria',38,'activo','2025-05-26 14:19:12'),(52,'bajo',38,'activo','2025-05-26 14:19:12'),(53,'acordeon',38,'activo','2025-05-26 14:19:12'),(54,'ukelele',38,'activo','2025-05-26 14:19:12'),(55,'guitarra',39,'activo','2025-05-26 14:23:01'),(56,'piano',39,'activo','2025-05-26 14:23:01'),(57,'bateria',39,'activo','2025-05-26 14:23:01'),(58,'bajo',39,'activo','2025-05-26 14:23:01'),(59,'cello',39,'activo','2025-05-26 14:23:01'),(60,'ukelele',39,'activo','2025-05-26 14:23:01'),(61,'canto',40,'activo','2025-05-26 14:23:31'),(62,'piano',41,'activo','2025-05-26 14:24:16'),(63,'bateria',41,'activo','2025-05-26 14:24:16');
/*!40000 ALTER TABLE `instrumentos` ENABLE KEYS */;
UNLOCK TABLES;

--
-- Table structure for table `modalidades`
--

DROP TABLE IF EXISTS `modalidades`;
/*!40101 SET @saved_cs_client     = @@character_set_client */;
/*!50503 SET character_set_client = utf8mb4 */;
CREATE TABLE `modalidades` (
  `id` bigint NOT NULL AUTO_INCREMENT,
  `alumno_id` bigint DEFAULT NULL,
  `profesor_id` bigint DEFAULT NULL,
  `tipo` varchar(30) COLLATE utf8mb4_general_ci DEFAULT NULL,
  `fecha_registro` datetime DEFAULT CURRENT_TIMESTAMP,
  PRIMARY KEY (`id`),
  KEY `alumno_id` (`alumno_id`),
  KEY `profesor_id` (`profesor_id`)
) ENGINE=InnoDB AUTO_INCREMENT=85 DEFAULT CHARSET=utf8mb4 COLLATE=utf8mb4_general_ci;
/*!40101 SET character_set_client = @saved_cs_client */;

--
-- Dumping data for table `modalidades`
--

LOCK TABLES `modalidades` WRITE;
/*!40000 ALTER TABLE `modalidades` DISABLE KEYS */;
INSERT INTO `modalidades` VALUES (1,NULL,27,'grupal','2024-11-25 22:00:54'),(2,NULL,27,'grupal','2024-11-25 22:00:58'),(3,NULL,27,'grupal','2024-11-25 23:10:20'),(4,NULL,27,'individual','2024-11-25 23:10:38'),(5,NULL,27,'individual','2024-11-25 23:12:42'),(13,32,31,'individual','2025-04-21 15:26:48'),(14,32,20,'individual','2025-04-28 14:14:50'),(17,36,12,NULL,'2025-05-04 03:22:47'),(18,46,12,NULL,'2025-05-04 03:24:17'),(19,35,12,NULL,'2025-05-04 03:25:00'),(21,32,12,NULL,'2025-05-04 03:29:34'),(23,41,12,NULL,'2025-05-04 03:45:32'),(24,47,12,NULL,'2025-05-04 03:47:51'),(25,49,12,NULL,'2025-05-04 04:09:14'),(26,50,12,'individual','2025-05-04 13:01:58'),(27,33,35,'individual','2025-05-05 02:25:01'),(28,49,35,'individual','2025-05-05 03:34:13'),(29,49,36,'individual','2025-05-05 04:58:28'),(30,NULL,36,'grupal','2025-05-05 04:58:55'),(31,NULL,12,'grupal','2025-05-05 05:12:17'),(32,50,35,'individual','2025-05-05 17:37:17'),(33,50,35,'individual','2025-05-05 17:37:33'),(34,55,35,'individual','2025-05-05 17:39:03'),(35,38,35,'individual','2025-05-05 17:42:29'),(36,NULL,12,'grupal','2025-05-05 18:07:16'),(37,NULL,35,'grupal','2025-05-08 20:19:20'),(38,49,35,'individual','2025-05-10 23:46:13'),(39,50,35,'individual','2025-05-10 23:47:15'),(40,41,35,'individual','2025-05-12 01:38:03'),(41,49,35,'individual','2025-05-12 10:17:10'),(42,42,35,'individual','2025-05-12 10:17:48'),(43,32,35,'individual','2025-05-12 12:43:14'),(45,60,35,'individual','2025-05-12 14:46:19'),(46,47,35,'individual','2025-05-12 14:47:27'),(47,44,35,'individual','2025-05-12 15:18:08'),(48,67,35,'individual','2025-05-16 21:21:17'),(49,68,35,'individual','2025-05-18 12:27:50'),(50,53,35,'individual','2025-05-18 12:32:00'),(51,52,35,'individual','2025-05-18 13:26:08'),(52,35,35,'individual','2025-05-18 18:03:27'),(53,37,35,'individual','2025-05-18 20:38:05'),(54,45,35,'individual','2025-05-19 12:22:10'),(55,36,35,'individual','2025-05-19 16:27:36'),(56,73,35,'individual','2025-05-19 16:40:34'),(57,43,35,'individual','2025-05-19 16:41:10'),(58,46,35,'individual','2025-05-19 16:41:30'),(59,72,35,'individual','2025-05-19 16:44:30'),(60,69,35,'individual','2025-05-19 16:46:34'),(61,59,35,'individual','2025-05-21 19:50:22'),(62,40,35,'individual','2025-05-22 11:36:38'),(63,66,35,'individual','2025-05-23 12:09:52'),(64,48,35,'individual','2025-05-23 15:12:54'),(65,NULL,37,'grupal','2025-05-26 09:57:37'),(66,44,37,'individual','2025-05-26 10:01:35'),(67,73,38,'individual','2025-05-26 15:07:56'),(68,NULL,38,'grupal','2025-05-26 15:08:03'),(69,72,39,'individual','2025-05-26 15:08:59'),(70,60,39,'individual','2025-05-26 15:09:43'),(71,67,39,'individual','2025-05-26 15:09:59'),(72,52,39,'individual','2025-05-26 15:10:30'),(73,43,41,'individual','2025-05-26 15:13:18'),(74,NULL,43,'grupal','2025-05-26 15:46:51'),(75,NULL,40,'grupal','2025-05-26 15:55:50'),(76,76,35,'individual','2025-06-02 04:19:50'),(77,49,43,'individual','2025-06-02 05:23:42'),(78,49,42,'individual','2025-06-02 13:29:01'),(79,NULL,42,'grupal','2025-06-02 13:29:19'),(80,44,42,'individual','2025-06-02 13:30:26'),(81,67,42,'individual','2025-06-02 13:31:46'),(82,65,42,'individual','2025-06-02 13:31:46'),(83,76,42,'individual','2025-06-02 13:46:32'),(84,43,42,'individual','2025-06-02 13:49:29');
/*!40000 ALTER TABLE `modalidades` ENABLE KEYS */;
UNLOCK TABLES;

--
-- Table structure for table `page_views`
--

DROP TABLE IF EXISTS `page_views`;
/*!40101 SET @saved_cs_client     = @@character_set_client */;
/*!50503 SET character_set_client = utf8mb4 */;
CREATE TABLE `page_views` (
  `id` int NOT NULL AUTO_INCREMENT,
  `fecha` datetime DEFAULT CURRENT_TIMESTAMP,
  `contador` int DEFAULT '1',
  PRIMARY KEY (`id`)
) ENGINE=InnoDB AUTO_INCREMENT=4851 DEFAULT CHARSET=utf8mb4 COLLATE=utf8mb4_0900_ai_ci;
/*!40101 SET character_set_client = @saved_cs_client */;

--
-- Dumping data for table `page_views`
--

LOCK TABLES `page_views` WRITE;
/*!40000 ALTER TABLE `page_views` DISABLE KEYS */;
INSERT INTO `page_views` VALUES (1,'2025-04-04 00:00:00',1),(2,'2025-04-05 00:00:00',1),(3,'2025-04-06 00:00:00',1),(4,'2025-04-07 00:00:00',1),(5,'2025-04-08 00:00:00',1),(6,'2025-04-09 00:00:00',1),(7,'2025-04-09 00:00:00',1),(8,'2025-04-09 00:00:00',1),(9,'2025-04-09 00:00:00',1),(10,'2025-04-09 00:00:00',1),(11,'2025-04-10 00:00:00',1),(12,'2025-04-10 00:00:00',1),(13,'2025-04-11 00:00:00',1),(14,'2025-04-13 00:00:00',1),(15,'2025-04-13 00:00:00',1),(16,'2025-04-14 00:00:00',1),(17,'2025-04-16 00:00:00',1),(18,'2025-04-16 00:00:00',1),(19,'2025-04-17 00:00:00',1),(20,'2025-04-19 00:00:00',1),(21,'2025-04-21 00:00:00',1),(22,'2025-04-21 00:00:00',1),(23,'2025-04-21 00:00:00',1),(24,'2025-04-22 00:00:00',1),(25,'2025-04-27 00:00:00',1),(26,'2025-04-27 00:00:00',1),(27,'2025-04-27 00:00:00',1),(28,'2025-04-27 00:00:00',1),(29,'2025-04-27 00:00:00',1),(30,'2025-04-27 00:00:00',1),(31,'2025-04-27 00:00:00',1),(32,'2025-04-27 00:00:00',1),(33,'2025-04-27 00:00:00',1),(34,'2025-04-27 00:00:00',1),(35,'2025-04-27 00:00:00',1),(36,'2025-04-27 00:00:00',1),(37,'2025-04-27 00:00:00',1),(38,'2025-04-27 00:00:00',1),(39,'2025-04-27 00:00:00',1),(40,'2025-04-27 00:00:00',1),(41,'2025-04-27 00:00:00',1),(42,'2025-04-27 00:00:00',1),(43,'2025-04-27 00:00:00',1),(44,'2025-04-27 00:00:00',1),(45,'2025-04-27 00:00:00',1),(46,'2025-04-27 00:00:00',1),(47,'2025-04-27 00:00:00',1),(48,'2025-04-27 00:00:00',1),(49,'2025-04-27 00:00:00',1),(50,'2025-04-27 00:00:00',1),(51,'2025-04-27 00:00:00',1),(52,'2025-04-27 00:00:00',1),(53,'2025-04-27 00:00:00',1),(54,'2025-04-27 00:00:00',1),(55,'2025-04-27 00:00:00',1),(56,'2025-04-27 00:00:00',1),(57,'2025-04-27 00:00:00',1),(58,'2025-04-27 00:00:00',1),(59,'2025-04-27 00:00:00',1),(60,'2025-04-27 00:00:00',1),(61,'2025-04-27 00:00:00',1),(62,'2025-04-27 00:00:00',1),(63,'2025-04-27 00:00:00',1),(64,'2025-04-27 00:00:00',1),(65,'2025-04-27 00:00:00',1),(66,'2025-04-27 00:00:00',1),(67,'2025-04-27 00:00:00',1),(68,'2025-04-27 00:00:00',1),(69,'2025-04-27 00:00:00',1),(70,'2025-04-27 00:00:00',1),(71,'2025-04-27 00:00:00',1),(72,'2025-04-27 00:00:00',1),(73,'2025-04-27 00:00:00',1),(74,'2025-04-27 00:00:00',1),(75,'2025-04-27 00:00:00',1),(76,'2025-04-27 00:00:00',1),(77,'2025-04-27 00:00:00',1),(78,'2025-04-27 00:00:00',1),(79,'2025-04-27 00:00:00',1),(80,'2025-04-27 00:00:00',1),(81,'2025-04-27 00:00:00',1),(82,'2025-04-27 00:00:00',1),(83,'2025-04-27 00:00:00',1),(84,'2025-04-27 00:00:00',1),(85,'2025-04-27 00:00:00',1),(86,'2025-04-27 00:00:00',1),(87,'2025-04-27 00:00:00',1),(88,'2025-04-27 00:00:00',1),(89,'2025-04-27 00:00:00',1),(90,'2025-04-27 00:00:00',1),(91,'2025-04-27 00:00:00',1),(92,'2025-04-27 00:00:00',1),(93,'2025-04-27 00:00:00',1),(94,'2025-04-27 00:00:00',1),(95,'2025-04-27 00:00:00',1),(96,'2025-04-27 00:00:00',1),(97,'2025-04-27 00:00:00',1),(98,'2025-04-27 00:00:00',1),(99,'2025-04-27 00:00:00',1),(100,'2025-04-27 00:00:00',1),(101,'2025-04-27 00:00:00',1),(102,'2025-04-27 00:00:00',1),(103,'2025-04-27 00:00:00',1),(104,'2025-04-27 00:00:00',1),(105,'2025-04-27 00:00:00',1),(106,'2025-04-27 00:00:00',1),(107,'2025-04-27 00:00:00',1),(108,'2025-04-27 00:00:00',1),(109,'2025-04-27 00:00:00',1),(110,'2025-04-27 00:00:00',1),(111,'2025-04-27 00:00:00',1),(112,'2025-04-27 00:00:00',1),(113,'2025-04-27 00:00:00',1),(114,'2025-04-27 00:00:00',1),(115,'2025-04-27 00:00:00',1),(116,'2025-04-27 00:00:00',1),(117,'2025-04-27 00:00:00',1),(118,'2025-04-27 00:00:00',1),(119,'2025-04-27 00:00:00',1),(120,'2025-04-27 00:00:00',1),(121,'2025-04-27 00:00:00',1),(122,'2025-04-27 00:00:00',1),(123,'2025-04-27 00:00:00',1),(124,'2025-04-27 00:00:00',1),(125,'2025-04-27 00:00:00',1),(126,'2025-04-27 00:00:00',1),(127,'2025-04-27 00:00:00',1),(128,'2025-04-27 00:00:00',1),(129,'2025-04-27 00:00:00',1),(130,'2025-04-27 00:00:00',1),(131,'2025-04-27 00:00:00',1),(132,'2025-04-27 00:00:00',1),(133,'2025-04-27 00:00:00',1),(134,'2025-04-27 00:00:00',1),(135,'2025-04-27 00:00:00',1),(136,'2025-04-27 00:00:00',1),(137,'2025-04-27 00:00:00',1),(138,'2025-04-27 00:00:00',1),(139,'2025-04-27 00:00:00',1),(140,'2025-04-27 00:00:00',1),(141,'2025-04-27 00:00:00',1),(142,'2025-04-27 00:00:00',1),(143,'2025-04-27 00:00:00',1),(144,'2025-04-27 00:00:00',1),(145,'2025-04-27 00:00:00',1),(146,'2025-04-28 00:00:00',1),(147,'2025-04-28 00:00:00',1),(148,'2025-04-28 00:00:00',1),(149,'2025-04-28 00:00:00',1),(150,'2025-04-28 00:00:00',1),(151,'2025-04-28 00:00:00',1),(152,'2025-04-28 00:00:00',1),(153,'2025-04-28 00:00:00',1),(154,'2025-04-28 00:00:00',1),(155,'2025-04-28 00:00:00',1),(156,'2025-04-28 00:00:00',1),(157,'2025-04-28 00:00:00',1),(158,'2025-04-28 00:00:00',1),(159,'2025-04-28 00:00:00',1),(160,'2025-04-28 00:00:00',1),(161,'2025-04-28 00:00:00',1),(162,'2025-04-28 00:00:00',1),(163,'2025-04-28 00:00:00',1),(164,'2025-04-28 00:00:00',1),(165,'2025-04-28 00:00:00',1),(166,'2025-04-28 00:00:00',1),(167,'2025-04-28 00:00:00',1),(168,'2025-04-28 00:00:00',1),(169,'2025-04-28 00:00:00',1),(170,'2025-04-28 00:00:00',1),(171,'2025-04-28 00:00:00',1),(172,'2025-04-28 00:00:00',1),(173,'2025-04-28 00:00:00',1),(174,'2025-04-28 00:00:00',1),(175,'2025-04-28 00:00:00',1),(176,'2025-04-28 00:00:00',1),(177,'2025-04-28 00:00:00',1),(178,'2025-04-28 00:00:00',1),(179,'2025-04-28 00:00:00',1),(180,'2025-04-28 00:00:00',1),(181,'2025-04-28 00:00:00',1),(182,'2025-04-28 00:00:00',1),(183,'2025-04-28 00:00:00',1),(184,'2025-04-28 00:00:00',1),(185,'2025-04-28 00:00:00',1),(186,'2025-04-28 00:00:00',1),(187,'2025-04-28 00:00:00',1),(188,'2025-04-28 00:00:00',1),(189,'2025-04-28 00:00:00',1),(190,'2025-04-28 00:00:00',1),(191,'2025-04-28 00:00:00',1),(192,'2025-04-28 00:00:00',1),(193,'2025-04-28 00:00:00',1),(194,'2025-04-28 00:00:00',1),(195,'2025-04-28 00:00:00',1),(196,'2025-04-28 00:00:00',1),(197,'2025-04-28 00:00:00',1),(198,'2025-04-28 00:00:00',1),(199,'2025-04-28 00:00:00',1),(200,'2025-04-28 00:00:00',1),(201,'2025-04-28 00:00:00',1),(202,'2025-04-28 00:00:00',1),(203,'2025-04-28 00:00:00',1),(204,'2025-04-28 00:00:00',1),(205,'2025-04-28 00:00:00',1),(206,'2025-04-28 00:00:00',1),(207,'2025-04-28 00:00:00',1),(208,'2025-04-28 00:00:00',1),(209,'2025-04-28 00:00:00',1),(210,'2025-04-28 00:00:00',1),(211,'2025-04-28 00:00:00',1),(212,'2025-04-28 00:00:00',1),(213,'2025-04-28 00:00:00',1),(214,'2025-04-28 00:00:00',1),(215,'2025-04-28 00:00:00',1),(216,'2025-04-28 00:00:00',1),(217,'2025-04-28 00:00:00',1),(218,'2025-04-28 00:00:00',1),(219,'2025-04-28 00:00:00',1),(220,'2025-04-28 00:00:00',1),(221,'2025-04-28 00:00:00',1),(222,'2025-04-28 00:00:00',1),(223,'2025-04-28 00:00:00',1),(224,'2025-04-28 00:00:00',1),(225,'2025-04-28 00:00:00',1),(226,'2025-04-28 00:00:00',1),(227,'2025-04-28 00:00:00',1),(228,'2025-04-28 00:00:00',1),(229,'2025-04-28 00:00:00',1),(230,'2025-04-28 00:00:00',1),(231,'2025-04-28 00:00:00',1),(232,'2025-04-28 00:00:00',1),(233,'2025-04-28 00:00:00',1),(234,'2025-04-28 00:00:00',1),(235,'2025-04-28 00:00:00',1),(236,'2025-04-28 00:00:00',1),(237,'2025-04-28 00:00:00',1),(238,'2025-04-28 00:00:00',1),(239,'2025-04-28 00:00:00',1),(240,'2025-04-28 00:00:00',1),(241,'2025-04-28 00:00:00',1),(242,'2025-04-28 00:00:00',1),(243,'2025-04-28 00:00:00',1),(244,'2025-04-28 00:00:00',1),(245,'2025-04-28 00:00:00',1),(246,'2025-04-28 00:00:00',1),(247,'2025-04-28 00:00:00',1),(248,'2025-04-30 00:00:00',1),(249,'2025-04-30 00:00:00',1),(250,'2025-04-30 00:00:00',1),(251,'2025-04-30 00:00:00',1),(252,'2025-04-30 00:00:00',1),(253,'2025-04-30 00:00:00',1),(254,'2025-04-30 00:00:00',1),(255,'2025-04-30 00:00:00',1),(256,'2025-04-30 00:00:00',1),(257,'2025-04-30 00:00:00',1),(258,'2025-04-30 00:00:00',1),(259,'2025-04-30 00:00:00',1),(260,'2025-04-30 00:00:00',1),(261,'2025-04-30 00:00:00',1),(262,'2025-04-30 00:00:00',1),(263,'2025-04-30 00:00:00',1),(264,'2025-04-30 00:00:00',1),(265,'2025-04-30 00:00:00',1),(266,'2025-04-30 00:00:00',1),(267,'2025-04-30 00:00:00',1),(268,'2025-04-30 00:00:00',1),(269,'2025-04-30 00:00:00',1),(270,'2025-04-30 00:00:00',1),(271,'2025-04-30 00:00:00',1),(272,'2025-04-30 00:00:00',1),(273,'2025-04-30 00:00:00',1),(274,'2025-04-30 00:00:00',1),(275,'2025-04-30 00:00:00',1),(276,'2025-04-30 00:00:00',1),(277,'2025-04-30 00:00:00',1),(278,'2025-04-30 00:00:00',1),(279,'2025-04-30 00:00:00',1),(280,'2025-04-30 00:00:00',1),(281,'2025-04-30 00:00:00',1),(282,'2025-04-30 00:00:00',1),(283,'2025-04-30 00:00:00',1),(284,'2025-04-30 00:00:00',1),(285,'2025-04-30 00:00:00',1),(286,'2025-04-30 00:00:00',1),(287,'2025-04-30 00:00:00',1),(288,'2025-04-30 00:00:00',1),(289,'2025-04-30 00:00:00',1),(290,'2025-04-30 00:00:00',1),(291,'2025-04-30 00:00:00',1),(292,'2025-04-30 00:00:00',1),(293,'2025-04-30 00:00:00',1),(294,'2025-04-30 00:00:00',1),(295,'2025-04-30 00:00:00',1),(296,'2025-04-30 00:00:00',1),(297,'2025-04-30 00:00:00',1),(298,'2025-04-30 00:00:00',1),(299,'2025-04-30 00:00:00',1),(300,'2025-04-30 00:00:00',1),(301,'2025-04-30 00:00:00',1),(302,'2025-04-30 00:00:00',1),(303,'2025-04-30 00:00:00',1),(304,'2025-04-30 00:00:00',1),(305,'2025-04-30 00:00:00',1),(306,'2025-04-30 00:00:00',1),(307,'2025-04-30 00:00:00',1),(308,'2025-04-30 00:00:00',1),(309,'2025-04-30 00:00:00',1),(310,'2025-04-30 00:00:00',1),(311,'2025-04-30 00:00:00',1),(312,'2025-04-30 00:00:00',1),(313,'2025-04-30 00:00:00',1),(314,'2025-04-30 00:00:00',1),(315,'2025-04-30 00:00:00',1),(316,'2025-04-30 00:00:00',1),(317,'2025-04-30 00:00:00',1),(318,'2025-04-30 00:00:00',1),(319,'2025-04-30 00:00:00',1),(320,'2025-04-30 00:00:00',1),(321,'2025-04-30 00:00:00',1),(322,'2025-04-30 00:00:00',1),(323,'2025-04-30 00:00:00',1),(324,'2025-04-30 00:00:00',1),(325,'2025-04-30 00:00:00',1),(326,'2025-04-30 00:00:00',1),(327,'2025-04-30 00:00:00',1),(328,'2025-04-30 00:00:00',1),(329,'2025-04-30 00:00:00',1),(330,'2025-04-30 00:00:00',1),(331,'2025-04-30 00:00:00',1),(332,'2025-04-30 00:00:00',1),(333,'2025-04-30 00:00:00',1),(334,'2025-04-30 00:00:00',1),(335,'2025-04-30 00:00:00',1),(336,'2025-04-30 00:00:00',1),(337,'2025-04-30 00:00:00',1),(338,'2025-04-30 00:00:00',1),(339,'2025-04-30 00:00:00',1),(340,'2025-04-30 00:00:00',1),(341,'2025-04-30 00:00:00',1),(342,'2025-04-30 00:00:00',1),(343,'2025-04-30 00:00:00',1),(344,'2025-04-30 00:00:00',1),(345,'2025-04-30 00:00:00',1),(346,'2025-04-30 00:00:00',1),(347,'2025-04-30 00:00:00',1),(348,'2025-04-30 00:00:00',1),(349,'2025-04-30 00:00:00',1),(350,'2025-04-30 00:00:00',1),(351,'2025-04-30 00:00:00',1),(352,'2025-04-30 00:00:00',1),(353,'2025-04-30 00:00:00',1),(354,'2025-04-30 00:00:00',1),(355,'2025-04-30 00:00:00',1),(356,'2025-04-30 00:00:00',1),(357,'2025-04-30 00:00:00',1),(358,'2025-04-30 00:00:00',1),(359,'2025-04-30 00:00:00',1),(360,'2025-04-30 00:00:00',1),(361,'2025-04-30 00:00:00',1),(362,'2025-04-30 00:00:00',1),(363,'2025-04-30 00:00:00',1),(364,'2025-04-30 00:00:00',1),(365,'2025-04-30 00:00:00',1),(366,'2025-04-30 00:00:00',1),(367,'2025-04-30 00:00:00',1),(368,'2025-04-30 00:00:00',1),(369,'2025-04-30 00:00:00',1),(370,'2025-04-30 00:00:00',1),(371,'2025-04-30 00:00:00',1),(372,'2025-04-30 00:00:00',1),(373,'2025-04-30 00:00:00',1),(374,'2025-04-30 00:00:00',1),(375,'2025-04-30 00:00:00',1),(376,'2025-04-30 00:00:00',1),(377,'2025-04-30 00:00:00',1),(378,'2025-04-30 00:00:00',1),(379,'2025-04-30 00:00:00',1),(380,'2025-04-30 00:00:00',1),(381,'2025-04-30 00:00:00',1),(382,'2025-04-30 00:00:00',1),(383,'2025-04-30 00:00:00',1),(384,'2025-04-30 00:00:00',1),(385,'2025-04-30 00:00:00',1),(386,'2025-04-30 00:00:00',1),(387,'2025-04-30 00:00:00',1),(388,'2025-05-01 00:00:00',1),(389,'2025-05-01 00:00:00',1),(390,'2025-05-01 00:00:00',1),(391,'2025-05-01 00:00:00',1),(392,'2025-05-01 00:00:00',1),(393,'2025-05-01 00:00:00',1),(394,'2025-05-01 00:00:00',1),(395,'2025-05-01 00:00:00',1),(396,'2025-05-01 00:00:00',1),(397,'2025-05-01 00:00:00',1),(398,'2025-05-01 00:00:00',1),(399,'2025-05-01 00:00:00',1),(400,'2025-05-01 00:00:00',1),(401,'2025-05-01 00:00:00',1),(402,'2025-05-01 00:00:00',1),(403,'2025-05-01 00:00:00',1),(404,'2025-05-01 00:00:00',1),(405,'2025-05-01 00:00:00',1),(406,'2025-05-01 00:00:00',1),(407,'2025-05-01 00:00:00',1),(408,'2025-05-01 00:00:00',1),(409,'2025-05-01 00:00:00',1),(410,'2025-05-01 00:00:00',1),(411,'2025-05-01 00:00:00',1),(412,'2025-05-01 00:00:00',1),(413,'2025-05-01 00:00:00',1),(414,'2025-05-01 00:00:00',1),(415,'2025-05-01 00:00:00',1),(416,'2025-05-01 00:00:00',1),(417,'2025-05-01 00:00:00',1),(418,'2025-05-01 00:00:00',1),(419,'2025-05-01 00:00:00',1),(420,'2025-05-01 00:00:00',1),(421,'2025-05-01 00:00:00',1),(422,'2025-05-01 00:00:00',1),(423,'2025-05-01 00:00:00',1),(424,'2025-05-01 00:00:00',1),(425,'2025-05-01 00:00:00',1),(426,'2025-05-01 00:00:00',1),(427,'2025-05-01 00:00:00',1),(428,'2025-05-01 00:00:00',1),(429,'2025-05-01 00:00:00',1),(430,'2025-05-01 00:00:00',1),(431,'2025-05-01 00:00:00',1),(432,'2025-05-01 00:00:00',1),(433,'2025-05-01 00:00:00',1),(434,'2025-05-01 00:00:00',1),(435,'2025-05-01 00:00:00',1),(436,'2025-05-01 00:00:00',1),(437,'2025-05-01 00:00:00',1),(438,'2025-05-01 00:00:00',1),(439,'2025-05-01 00:00:00',1),(440,'2025-05-01 00:00:00',1),(441,'2025-05-01 00:00:00',1),(442,'2025-05-01 00:00:00',1),(443,'2025-05-01 00:00:00',1),(444,'2025-05-01 00:00:00',1),(445,'2025-05-01 00:00:00',1),(446,'2025-05-01 00:00:00',1),(447,'2025-05-01 00:00:00',1),(448,'2025-05-01 00:00:00',1),(449,'2025-05-01 00:00:00',1),(450,'2025-05-01 00:00:00',1),(451,'2025-05-01 00:00:00',1),(452,'2025-05-01 00:00:00',1),(453,'2025-05-01 00:00:00',1),(454,'2025-05-01 00:00:00',1),(455,'2025-05-01 00:00:00',1),(456,'2025-05-01 00:00:00',1),(457,'2025-05-01 00:00:00',1),(458,'2025-05-01 00:00:00',1),(459,'2025-05-01 00:00:00',1),(460,'2025-05-01 00:00:00',1),(461,'2025-05-01 00:00:00',1),(462,'2025-05-01 00:00:00',1),(463,'2025-05-01 00:00:00',1),(464,'2025-05-01 00:00:00',1),(465,'2025-05-01 00:00:00',1),(466,'2025-05-01 00:00:00',1),(467,'2025-05-01 00:00:00',1),(468,'2025-05-01 00:00:00',1),(469,'2025-05-01 00:00:00',1),(470,'2025-05-01 00:00:00',1),(471,'2025-05-01 00:00:00',1),(472,'2025-05-01 00:00:00',1),(473,'2025-05-01 00:00:00',1),(474,'2025-05-01 00:00:00',1),(475,'2025-05-01 00:00:00',1),(476,'2025-05-01 00:00:00',1),(477,'2025-05-01 00:00:00',1),(478,'2025-05-01 00:00:00',1),(479,'2025-05-01 00:00:00',1),(480,'2025-05-01 00:00:00',1),(481,'2025-05-01 00:00:00',1),(482,'2025-05-01 00:00:00',1),(483,'2025-05-01 00:00:00',1),(484,'2025-05-01 00:00:00',1),(485,'2025-05-01 00:00:00',1),(486,'2025-05-01 00:00:00',1),(487,'2025-05-01 00:00:00',1),(488,'2025-05-01 00:00:00',1),(489,'2025-05-01 00:00:00',1),(490,'2025-05-01 00:00:00',1),(491,'2025-05-01 00:00:00',1),(492,'2025-05-01 00:00:00',1),(493,'2025-05-01 00:00:00',1),(494,'2025-05-01 00:00:00',1),(495,'2025-05-01 00:00:00',1),(496,'2025-05-01 00:00:00',1),(497,'2025-05-01 00:00:00',1),(498,'2025-05-01 00:00:00',1),(499,'2025-05-01 00:00:00',1),(500,'2025-05-01 00:00:00',1),(501,'2025-05-01 00:00:00',1),(502,'2025-05-01 00:00:00',1),(503,'2025-05-01 00:00:00',1),(504,'2025-05-01 00:00:00',1),(505,'2025-05-01 00:00:00',1),(506,'2025-05-01 00:00:00',1),(507,'2025-05-01 00:00:00',1),(508,'2025-05-01 00:00:00',1),(509,'2025-05-01 00:00:00',1),(510,'2025-05-01 00:00:00',1),(511,'2025-05-01 00:00:00',1),(512,'2025-05-01 00:00:00',1),(513,'2025-05-01 00:00:00',1),(514,'2025-05-01 00:00:00',1),(515,'2025-05-01 00:00:00',1),(516,'2025-05-01 00:00:00',1),(517,'2025-05-01 00:00:00',1),(518,'2025-05-01 00:00:00',1),(519,'2025-05-01 00:00:00',1),(520,'2025-05-01 00:00:00',1),(521,'2025-05-01 00:00:00',1),(522,'2025-05-01 00:00:00',1),(523,'2025-05-01 00:00:00',1),(524,'2025-05-01 00:00:00',1),(525,'2025-05-01 00:00:00',1),(526,'2025-05-01 00:00:00',1),(527,'2025-05-01 00:00:00',1),(528,'2025-05-01 00:00:00',1),(529,'2025-05-01 00:00:00',1),(530,'2025-05-01 00:00:00',1),(531,'2025-05-01 00:00:00',1),(532,'2025-05-01 00:00:00',1),(533,'2025-05-01 00:00:00',1),(534,'2025-05-01 00:00:00',1),(535,'2025-05-01 00:00:00',1),(536,'2025-05-01 00:00:00',1),(537,'2025-05-01 00:00:00',1),(538,'2025-05-01 00:00:00',1),(539,'2025-05-01 00:00:00',1),(540,'2025-05-01 00:00:00',1),(541,'2025-05-01 00:00:00',1),(542,'2025-05-01 00:00:00',1),(543,'2025-05-01 00:00:00',1),(544,'2025-05-01 00:00:00',1),(545,'2025-05-01 00:00:00',1),(546,'2025-05-01 00:00:00',1),(547,'2025-05-01 00:00:00',1),(548,'2025-05-01 00:00:00',1),(549,'2025-05-01 00:00:00',1),(550,'2025-05-01 00:00:00',1),(551,'2025-05-01 00:00:00',1),(552,'2025-05-01 00:00:00',1),(553,'2025-05-01 00:00:00',1),(554,'2025-05-01 00:00:00',1),(555,'2025-05-01 00:00:00',1),(556,'2025-05-01 00:00:00',1),(557,'2025-05-01 00:00:00',1),(558,'2025-05-01 00:00:00',1),(559,'2025-05-01 00:00:00',1),(560,'2025-05-01 00:00:00',1),(561,'2025-05-01 00:00:00',1),(562,'2025-05-01 00:00:00',1),(563,'2025-05-01 00:00:00',1),(564,'2025-05-01 00:00:00',1),(565,'2025-05-01 00:00:00',1),(566,'2025-05-01 00:00:00',1),(567,'2025-05-01 00:00:00',1),(568,'2025-05-01 00:00:00',1),(569,'2025-05-01 00:00:00',1),(570,'2025-05-01 00:00:00',1),(571,'2025-05-01 00:00:00',1),(572,'2025-05-01 00:00:00',1),(573,'2025-05-01 00:00:00',1),(574,'2025-05-01 00:00:00',1),(575,'2025-05-01 00:00:00',1),(576,'2025-05-01 00:00:00',1),(577,'2025-05-01 00:00:00',1),(578,'2025-05-01 00:00:00',1),(579,'2025-05-01 00:00:00',1),(580,'2025-05-01 00:00:00',1),(581,'2025-05-01 00:00:00',1),(582,'2025-05-01 00:00:00',1),(583,'2025-05-01 00:00:00',1),(584,'2025-05-01 00:00:00',1),(585,'2025-05-01 00:00:00',1),(586,'2025-05-01 00:00:00',1),(587,'2025-05-01 00:00:00',1),(588,'2025-05-01 00:00:00',1),(589,'2025-05-01 00:00:00',1),(590,'2025-05-01 00:00:00',1),(591,'2025-05-01 00:00:00',1),(592,'2025-05-01 00:00:00',1),(593,'2025-05-01 00:00:00',1),(594,'2025-05-01 00:00:00',1),(595,'2025-05-01 00:00:00',1),(596,'2025-05-01 00:00:00',1),(597,'2025-05-01 00:00:00',1),(598,'2025-05-01 00:00:00',1),(599,'2025-05-01 00:00:00',1),(600,'2025-05-01 00:00:00',1),(601,'2025-05-01 00:00:00',1),(602,'2025-05-01 00:00:00',1),(603,'2025-05-01 00:00:00',1),(604,'2025-05-01 00:00:00',1),(605,'2025-05-01 00:00:00',1),(606,'2025-05-01 00:00:00',1),(607,'2025-05-01 00:00:00',1),(608,'2025-05-01 00:00:00',1),(609,'2025-05-01 00:00:00',1),(610,'2025-05-01 00:00:00',1),(611,'2025-05-01 00:00:00',1),(612,'2025-05-01 00:00:00',1),(613,'2025-05-01 00:00:00',1),(614,'2025-05-01 00:00:00',1),(615,'2025-05-01 00:00:00',1),(616,'2025-05-01 00:00:00',1),(617,'2025-05-01 00:00:00',1),(618,'2025-05-01 00:00:00',1),(619,'2025-05-01 00:00:00',1),(620,'2025-05-01 00:00:00',1),(621,'2025-05-01 00:00:00',1),(622,'2025-05-01 00:00:00',1),(623,'2025-05-01 00:00:00',1),(624,'2025-05-01 00:00:00',1),(625,'2025-05-01 00:00:00',1),(626,'2025-05-01 00:00:00',1),(627,'2025-05-01 00:00:00',1),(628,'2025-05-01 00:00:00',1),(629,'2025-05-01 00:00:00',1),(630,'2025-05-01 00:00:00',1),(631,'2025-05-01 00:00:00',1),(632,'2025-05-01 00:00:00',1),(633,'2025-05-01 00:00:00',1),(634,'2025-05-01 00:00:00',1),(635,'2025-05-01 00:00:00',1),(636,'2025-05-01 00:00:00',1),(637,'2025-05-01 00:00:00',1),(638,'2025-05-01 00:00:00',1),(639,'2025-05-01 00:00:00',1),(640,'2025-05-01 00:00:00',1),(641,'2025-05-01 00:00:00',1),(642,'2025-05-01 00:00:00',1),(643,'2025-05-01 00:00:00',1),(644,'2025-05-01 00:00:00',1),(645,'2025-05-01 00:00:00',1),(646,'2025-05-01 00:00:00',1),(647,'2025-05-01 00:00:00',1),(648,'2025-05-01 00:00:00',1),(649,'2025-05-01 00:00:00',1),(650,'2025-05-01 00:00:00',1),(651,'2025-05-01 00:00:00',1),(652,'2025-05-01 00:00:00',1),(653,'2025-05-01 00:00:00',1),(654,'2025-05-01 00:00:00',1),(655,'2025-05-01 00:00:00',1),(656,'2025-05-01 00:00:00',1),(657,'2025-05-01 00:00:00',1),(658,'2025-05-01 00:00:00',1),(659,'2025-05-01 00:00:00',1),(660,'2025-05-01 00:00:00',1),(661,'2025-05-01 00:00:00',1),(662,'2025-05-01 00:00:00',1),(663,'2025-05-01 00:00:00',1),(664,'2025-05-01 00:00:00',1),(665,'2025-05-01 00:00:00',1),(666,'2025-05-01 00:00:00',1),(667,'2025-05-01 00:00:00',1),(668,'2025-05-01 00:00:00',1),(669,'2025-05-01 00:00:00',1),(670,'2025-05-01 00:00:00',1),(671,'2025-05-01 00:00:00',1),(672,'2025-05-01 00:00:00',1),(673,'2025-05-01 00:00:00',1),(674,'2025-05-01 00:00:00',1),(675,'2025-05-01 00:00:00',1),(676,'2025-05-01 00:00:00',1),(677,'2025-05-01 00:00:00',1),(678,'2025-05-01 00:00:00',1),(679,'2025-05-01 00:00:00',1),(680,'2025-05-01 00:00:00',1),(681,'2025-05-01 00:00:00',1),(682,'2025-05-01 00:00:00',1),(683,'2025-05-01 00:00:00',1),(684,'2025-05-01 00:00:00',1),(685,'2025-05-01 00:00:00',1),(686,'2025-05-01 00:00:00',1),(687,'2025-05-01 00:00:00',1),(688,'2025-05-01 00:00:00',1),(689,'2025-05-01 00:00:00',1),(690,'2025-05-01 00:00:00',1),(691,'2025-05-01 00:00:00',1),(692,'2025-05-01 00:00:00',1),(693,'2025-05-01 00:00:00',1),(694,'2025-05-01 00:00:00',1),(695,'2025-05-01 00:00:00',1),(696,'2025-05-01 00:00:00',1),(697,'2025-05-01 00:00:00',1),(698,'2025-05-01 00:00:00',1),(699,'2025-05-01 00:00:00',1),(700,'2025-05-01 00:00:00',1),(701,'2025-05-01 00:00:00',1),(702,'2025-05-01 00:00:00',1),(703,'2025-05-01 00:00:00',1),(704,'2025-05-02 00:00:00',1),(705,'2025-05-02 00:00:00',1),(706,'2025-05-02 00:00:00',1),(707,'2025-05-02 00:00:00',1),(708,'2025-05-02 00:00:00',1),(709,'2025-05-02 00:00:00',1),(710,'2025-05-02 00:00:00',1),(711,'2025-05-02 00:00:00',1),(712,'2025-05-02 00:00:00',1),(713,'2025-05-02 00:00:00',1),(714,'2025-05-02 00:00:00',1),(715,'2025-05-02 00:00:00',1),(716,'2025-05-02 00:00:00',1),(717,'2025-05-02 00:00:00',1),(718,'2025-05-02 00:00:00',1),(719,'2025-05-02 00:00:00',1),(720,'2025-05-02 00:00:00',1),(721,'2025-05-02 00:00:00',1),(722,'2025-05-02 00:00:00',1),(723,'2025-05-02 00:00:00',1),(724,'2025-05-02 00:00:00',1),(725,'2025-05-02 00:00:00',1),(726,'2025-05-02 00:00:00',1),(727,'2025-05-02 00:00:00',1),(728,'2025-05-02 00:00:00',1),(729,'2025-05-02 00:00:00',1),(730,'2025-05-02 00:00:00',1),(731,'2025-05-02 00:00:00',1),(732,'2025-05-02 00:00:00',1),(733,'2025-05-02 00:00:00',1),(734,'2025-05-02 00:00:00',1),(735,'2025-05-02 00:00:00',1),(736,'2025-05-02 00:00:00',1),(737,'2025-05-02 00:00:00',1),(738,'2025-05-02 00:00:00',1),(739,'2025-05-02 00:00:00',1),(740,'2025-05-02 00:00:00',1),(741,'2025-05-02 00:00:00',1),(742,'2025-05-02 00:00:00',1),(743,'2025-05-02 00:00:00',1),(744,'2025-05-02 00:00:00',1),(745,'2025-05-02 00:00:00',1),(746,'2025-05-02 00:00:00',1),(747,'2025-05-02 00:00:00',1),(748,'2025-05-02 00:00:00',1),(749,'2025-05-02 00:00:00',1),(750,'2025-05-02 00:00:00',1),(751,'2025-05-02 00:00:00',1),(752,'2025-05-02 00:00:00',1),(753,'2025-05-02 00:00:00',1),(754,'2025-05-02 00:00:00',1),(755,'2025-05-02 00:00:00',1),(756,'2025-05-02 00:00:00',1),(757,'2025-05-02 00:00:00',1),(758,'2025-05-02 00:00:00',1),(759,'2025-05-02 00:00:00',1),(760,'2025-05-02 00:00:00',1),(761,'2025-05-02 00:00:00',1),(762,'2025-05-02 00:00:00',1),(763,'2025-05-02 00:00:00',1),(764,'2025-05-02 00:00:00',1),(765,'2025-05-02 00:00:00',1),(766,'2025-05-02 00:00:00',1),(767,'2025-05-02 00:00:00',1),(768,'2025-05-02 00:00:00',1),(769,'2025-05-02 00:00:00',1),(770,'2025-05-02 00:00:00',1),(771,'2025-05-02 00:00:00',1),(772,'2025-05-02 00:00:00',1),(773,'2025-05-02 00:00:00',1),(774,'2025-05-02 00:00:00',1),(775,'2025-05-02 00:00:00',1),(776,'2025-05-02 00:00:00',1),(777,'2025-05-02 00:00:00',1),(778,'2025-05-02 00:00:00',1),(779,'2025-05-02 00:00:00',1),(780,'2025-05-02 00:00:00',1),(781,'2025-05-02 00:00:00',1),(782,'2025-05-02 00:00:00',1),(783,'2025-05-02 00:00:00',1),(784,'2025-05-02 00:00:00',1),(785,'2025-05-02 00:00:00',1),(786,'2025-05-02 00:00:00',1),(787,'2025-05-02 00:00:00',1),(788,'2025-05-02 00:00:00',1),(789,'2025-05-02 00:00:00',1),(790,'2025-05-02 00:00:00',1),(791,'2025-05-02 00:00:00',1),(792,'2025-05-02 00:00:00',1),(793,'2025-05-02 00:00:00',1),(794,'2025-05-02 00:00:00',1),(795,'2025-05-02 00:00:00',1),(796,'2025-05-02 00:00:00',1),(797,'2025-05-02 00:00:00',1),(798,'2025-05-02 00:00:00',1),(799,'2025-05-02 00:00:00',1),(800,'2025-05-02 00:00:00',1),(801,'2025-05-02 00:00:00',1),(802,'2025-05-02 00:00:00',1),(803,'2025-05-02 00:00:00',1),(804,'2025-05-02 00:00:00',1),(805,'2025-05-02 00:00:00',1),(806,'2025-05-02 00:00:00',1),(807,'2025-05-02 00:00:00',1),(808,'2025-05-02 00:00:00',1),(809,'2025-05-02 00:00:00',1),(810,'2025-05-02 00:00:00',1),(811,'2025-05-02 00:00:00',1),(812,'2025-05-02 00:00:00',1),(813,'2025-05-02 00:00:00',1),(814,'2025-05-02 00:00:00',1),(815,'2025-05-02 00:00:00',1),(816,'2025-05-02 00:00:00',1),(817,'2025-05-02 00:00:00',1),(818,'2025-05-02 00:00:00',1),(819,'2025-05-02 00:00:00',1),(820,'2025-05-02 00:00:00',1),(821,'2025-05-02 00:00:00',1),(822,'2025-05-02 00:00:00',1),(823,'2025-05-02 00:00:00',1),(824,'2025-05-02 00:00:00',1),(825,'2025-05-02 00:00:00',1),(826,'2025-05-02 00:00:00',1),(827,'2025-05-02 00:00:00',1),(828,'2025-05-02 00:00:00',1),(829,'2025-05-02 00:00:00',1),(830,'2025-05-02 00:00:00',1),(831,'2025-05-02 00:00:00',1),(832,'2025-05-02 00:00:00',1),(833,'2025-05-02 00:00:00',1),(834,'2025-05-02 00:00:00',1),(835,'2025-05-02 00:00:00',1),(836,'2025-05-02 00:00:00',1),(837,'2025-05-02 00:00:00',1),(838,'2025-05-02 00:00:00',1),(839,'2025-05-02 00:00:00',1),(840,'2025-05-02 00:00:00',1),(841,'2025-05-02 00:00:00',1),(842,'2025-05-02 00:00:00',1),(843,'2025-05-02 00:00:00',1),(844,'2025-05-02 00:00:00',1),(845,'2025-05-02 00:00:00',1),(846,'2025-05-02 00:00:00',1),(847,'2025-05-02 00:00:00',1),(848,'2025-05-02 00:00:00',1),(849,'2025-05-02 00:00:00',1),(850,'2025-05-02 00:00:00',1),(851,'2025-05-02 00:00:00',1),(852,'2025-05-02 00:00:00',1),(853,'2025-05-02 00:00:00',1),(854,'2025-05-02 00:00:00',1),(855,'2025-05-02 00:00:00',1),(856,'2025-05-02 00:00:00',1),(857,'2025-05-02 00:00:00',1),(858,'2025-05-02 00:00:00',1),(859,'2025-05-02 00:00:00',1),(860,'2025-05-02 00:00:00',1),(861,'2025-05-02 00:00:00',1),(862,'2025-05-02 00:00:00',1),(863,'2025-05-02 00:00:00',1),(864,'2025-05-02 00:00:00',1),(865,'2025-05-02 00:00:00',1),(866,'2025-05-02 00:00:00',1),(867,'2025-05-02 00:00:00',1),(868,'2025-05-02 00:00:00',1),(869,'2025-05-02 00:00:00',1),(870,'2025-05-02 00:00:00',1),(871,'2025-05-02 00:00:00',1),(872,'2025-05-02 00:00:00',1),(873,'2025-05-02 00:00:00',1),(874,'2025-05-02 00:00:00',1),(875,'2025-05-02 00:00:00',1),(876,'2025-05-02 00:00:00',1),(877,'2025-05-02 00:00:00',1),(878,'2025-05-02 00:00:00',1),(879,'2025-05-02 00:00:00',1),(880,'2025-05-02 00:00:00',1),(881,'2025-05-02 00:00:00',1),(882,'2025-05-02 00:00:00',1),(883,'2025-05-02 00:00:00',1),(884,'2025-05-02 00:00:00',1),(885,'2025-05-02 00:00:00',1),(886,'2025-05-02 00:00:00',1),(887,'2025-05-02 00:00:00',1),(888,'2025-05-02 00:00:00',1),(889,'2025-05-02 00:00:00',1),(890,'2025-05-02 00:00:00',1),(891,'2025-05-02 00:00:00',1),(892,'2025-05-02 00:00:00',1),(893,'2025-05-02 00:00:00',1),(894,'2025-05-02 00:00:00',1),(895,'2025-05-02 00:00:00',1),(896,'2025-05-02 00:00:00',1),(897,'2025-05-02 00:00:00',1),(898,'2025-05-02 00:00:00',1),(899,'2025-05-02 00:00:00',1),(900,'2025-05-02 00:00:00',1),(901,'2025-05-02 00:00:00',1),(902,'2025-05-02 00:00:00',1),(903,'2025-05-02 00:00:00',1),(904,'2025-05-02 00:00:00',1),(905,'2025-05-02 00:00:00',1),(906,'2025-05-02 00:00:00',1),(907,'2025-05-02 00:00:00',1),(908,'2025-05-02 00:00:00',1),(909,'2025-05-02 00:00:00',1),(910,'2025-05-02 00:00:00',1),(911,'2025-05-02 00:00:00',1),(912,'2025-05-02 00:00:00',1),(913,'2025-05-02 00:00:00',1),(914,'2025-05-02 00:00:00',1),(915,'2025-05-02 00:00:00',1),(916,'2025-05-02 00:00:00',1),(917,'2025-05-02 00:00:00',1),(918,'2025-05-02 00:00:00',1),(919,'2025-05-02 00:00:00',1),(920,'2025-05-02 00:00:00',1),(921,'2025-05-02 00:00:00',1),(922,'2025-05-02 00:00:00',1),(923,'2025-05-02 00:00:00',1),(924,'2025-05-02 00:00:00',1),(925,'2025-05-02 00:00:00',1),(926,'2025-05-02 00:00:00',1),(927,'2025-05-02 00:00:00',1),(928,'2025-05-02 00:00:00',1),(929,'2025-05-02 00:00:00',1),(930,'2025-05-02 00:00:00',1),(931,'2025-05-02 00:00:00',1),(932,'2025-05-02 00:00:00',1),(933,'2025-05-02 00:00:00',1),(934,'2025-05-02 00:00:00',1),(935,'2025-05-02 00:00:00',1),(936,'2025-05-02 00:00:00',1),(937,'2025-05-02 00:00:00',1),(938,'2025-05-02 00:00:00',1),(939,'2025-05-02 00:00:00',1),(940,'2025-05-02 00:00:00',1),(941,'2025-05-02 00:00:00',1),(942,'2025-05-02 00:00:00',1),(943,'2025-05-02 00:00:00',1),(944,'2025-05-02 00:00:00',1),(945,'2025-05-02 00:00:00',1),(946,'2025-05-02 00:00:00',1),(947,'2025-05-02 00:00:00',1),(948,'2025-05-02 00:00:00',1),(949,'2025-05-02 00:00:00',1),(950,'2025-05-02 00:00:00',1),(951,'2025-05-02 00:00:00',1),(952,'2025-05-02 00:00:00',1),(953,'2025-05-02 00:00:00',1),(954,'2025-05-02 00:00:00',1),(955,'2025-05-02 00:00:00',1),(956,'2025-05-02 00:00:00',1),(957,'2025-05-02 00:00:00',1),(958,'2025-05-02 00:00:00',1),(959,'2025-05-02 00:00:00',1),(960,'2025-05-02 00:00:00',1),(961,'2025-05-02 00:00:00',1),(962,'2025-05-02 00:00:00',1),(963,'2025-05-02 00:00:00',1),(964,'2025-05-02 00:00:00',1),(965,'2025-05-02 00:00:00',1),(966,'2025-05-02 00:00:00',1),(967,'2025-05-02 00:00:00',1),(968,'2025-05-02 00:00:00',1),(969,'2025-05-02 00:00:00',1),(970,'2025-05-02 00:00:00',1),(971,'2025-05-02 00:00:00',1),(972,'2025-05-02 00:00:00',1),(973,'2025-05-02 00:00:00',1),(974,'2025-05-02 00:00:00',1),(975,'2025-05-02 00:00:00',1),(976,'2025-05-02 00:00:00',1),(977,'2025-05-02 00:00:00',1),(978,'2025-05-02 00:00:00',1),(979,'2025-05-02 00:00:00',1),(980,'2025-05-02 00:00:00',1),(981,'2025-05-02 00:00:00',1),(982,'2025-05-02 00:00:00',1),(983,'2025-05-02 00:00:00',1),(984,'2025-05-02 00:00:00',1),(985,'2025-05-02 00:00:00',1),(986,'2025-05-02 00:00:00',1),(987,'2025-05-02 00:00:00',1),(988,'2025-05-02 00:00:00',1),(989,'2025-05-02 00:00:00',1),(990,'2025-05-02 00:00:00',1),(991,'2025-05-02 00:00:00',1),(992,'2025-05-02 00:00:00',1),(993,'2025-05-02 00:00:00',1),(994,'2025-05-02 00:00:00',1),(995,'2025-05-02 00:00:00',1),(996,'2025-05-02 00:00:00',1),(997,'2025-05-02 00:00:00',1),(998,'2025-05-02 00:00:00',1),(999,'2025-05-02 00:00:00',1),(1001,'2025-05-02 00:00:00',1),(1002,'2025-05-02 00:00:00',1),(1003,'2025-05-02 00:00:00',1),(1004,'2025-05-02 00:00:00',1),(1005,'2025-05-02 00:00:00',1),(1006,'2025-05-02 00:00:00',1),(1007,'2025-05-02 00:00:00',1),(1008,'2025-05-02 00:00:00',1),(1009,'2025-05-02 00:00:00',1),(1010,'2025-05-02 00:00:00',1),(1011,'2025-05-02 00:00:00',1),(1012,'2025-05-02 00:00:00',1),(1013,'2025-05-02 00:00:00',1),(1014,'2025-05-02 00:00:00',1),(1015,'2025-05-02 00:00:00',1),(1016,'2025-05-02 00:00:00',1),(1017,'2025-05-02 00:00:00',1),(1018,'2025-05-02 00:00:00',1),(1019,'2025-05-02 00:00:00',1),(1020,'2025-05-02 00:00:00',1),(1021,'2025-05-02 00:00:00',1),(1022,'2025-05-02 00:00:00',1),(1023,'2025-05-02 00:00:00',1),(1024,'2025-05-02 00:00:00',1),(1025,'2025-05-02 00:00:00',1),(1026,'2025-05-02 00:00:00',1),(1027,'2025-05-02 00:00:00',1),(1028,'2025-05-02 00:00:00',1),(1029,'2025-05-02 00:00:00',1),(1030,'2025-05-02 00:00:00',1),(1031,'2025-05-02 00:00:00',1),(1032,'2025-05-02 00:00:00',1),(1033,'2025-05-02 00:00:00',1),(1034,'2025-05-02 00:00:00',1),(1035,'2025-05-02 00:00:00',1),(1036,'2025-05-02 00:00:00',1),(1037,'2025-05-02 00:00:00',1),(1038,'2025-05-02 00:00:00',1),(1039,'2025-05-02 00:00:00',1),(1040,'2025-05-02 00:00:00',1),(1041,'2025-05-02 00:00:00',1),(1042,'2025-05-02 00:00:00',1),(1043,'2025-05-02 00:00:00',1),(1044,'2025-05-02 00:00:00',1),(1045,'2025-05-02 00:00:00',1),(1046,'2025-05-02 00:00:00',1),(1047,'2025-05-02 00:00:00',1),(1048,'2025-05-02 00:00:00',1),(1049,'2025-05-02 00:00:00',1),(1050,'2025-05-02 00:00:00',1),(1051,'2025-05-02 00:00:00',1),(1052,'2025-05-02 00:00:00',1),(1053,'2025-05-02 00:00:00',1),(1054,'2025-05-02 00:00:00',1),(1055,'2025-05-02 00:00:00',1),(1056,'2025-05-02 00:00:00',1),(1057,'2025-05-02 00:00:00',1),(1058,'2025-05-02 00:00:00',1),(1059,'2025-05-02 00:00:00',1),(1060,'2025-05-02 00:00:00',1),(1061,'2025-05-02 00:00:00',1),(1062,'2025-05-02 00:00:00',1),(1063,'2025-05-02 00:00:00',1),(1064,'2025-05-02 00:00:00',1),(1065,'2025-05-02 00:00:00',1),(1066,'2025-05-02 00:00:00',1),(1067,'2025-05-02 00:00:00',1),(1068,'2025-05-02 00:00:00',1),(1069,'2025-05-02 00:00:00',1),(1070,'2025-05-02 00:00:00',1),(1071,'2025-05-02 00:00:00',1),(1072,'2025-05-02 00:00:00',1),(1073,'2025-05-02 00:00:00',1),(1074,'2025-05-02 00:00:00',1),(1075,'2025-05-02 00:00:00',1),(1076,'2025-05-02 00:00:00',1),(1077,'2025-05-02 00:00:00',1),(1078,'2025-05-02 00:00:00',1),(1079,'2025-05-02 00:00:00',1),(1080,'2025-05-02 00:00:00',1),(1081,'2025-05-02 00:00:00',1),(1082,'2025-05-02 00:00:00',1),(1083,'2025-05-02 00:00:00',1),(1084,'2025-05-02 00:00:00',1),(1085,'2025-05-02 00:00:00',1),(1086,'2025-05-02 00:00:00',1),(1087,'2025-05-02 00:00:00',1),(1088,'2025-05-02 00:00:00',1),(1089,'2025-05-02 00:00:00',1),(1090,'2025-05-02 00:00:00',1),(1091,'2025-05-02 00:00:00',1),(1092,'2025-05-02 00:00:00',1),(1093,'2025-05-02 00:00:00',1),(1094,'2025-05-02 00:00:00',1),(1095,'2025-05-02 00:00:00',1),(1096,'2025-05-02 00:00:00',1),(1097,'2025-05-02 00:00:00',1),(1098,'2025-05-02 00:00:00',1),(1099,'2025-05-02 00:00:00',1),(1100,'2025-05-02 00:00:00',1),(1101,'2025-05-02 00:00:00',1),(1102,'2025-05-02 00:00:00',1),(1103,'2025-05-02 00:00:00',1),(1104,'2025-05-02 00:00:00',1),(1105,'2025-05-02 00:00:00',1),(1106,'2025-05-02 00:00:00',1),(1107,'2025-05-02 00:00:00',1),(1108,'2025-05-02 00:00:00',1),(1109,'2025-05-02 00:00:00',1),(1110,'2025-05-02 00:00:00',1),(1111,'2025-05-02 00:00:00',1),(1112,'2025-05-02 00:00:00',1),(1113,'2025-05-02 00:00:00',1),(1114,'2025-05-02 00:00:00',1),(1115,'2025-05-02 00:00:00',1),(1116,'2025-05-02 00:00:00',1),(1117,'2025-05-02 00:00:00',1),(1118,'2025-05-03 00:00:00',1),(1119,'2025-05-03 00:00:00',1),(1120,'2025-05-03 00:00:00',1),(1121,'2025-05-03 00:00:00',1),(1122,'2025-05-03 00:00:00',1),(1123,'2025-05-03 00:00:00',1),(1124,'2025-05-03 00:00:00',1),(1125,'2025-05-03 00:00:00',1),(1126,'2025-05-03 00:00:00',1),(1127,'2025-05-03 00:00:00',1),(1128,'2025-05-03 00:00:00',1),(1129,'2025-05-03 00:00:00',1),(1130,'2025-05-03 00:00:00',1),(1131,'2025-05-03 00:00:00',1),(1132,'2025-05-03 00:00:00',1),(1133,'2025-05-03 00:00:00',1),(1134,'2025-05-03 00:00:00',1),(1135,'2025-05-03 00:00:00',1),(1136,'2025-05-03 00:00:00',1),(1137,'2025-05-03 00:00:00',1),(1138,'2025-05-03 00:00:00',1),(1139,'2025-05-03 00:00:00',1),(1140,'2025-05-03 00:00:00',1),(1141,'2025-05-04 00:00:00',1),(1142,'2025-05-04 00:00:00',1),(1143,'2025-05-04 00:00:00',1),(1144,'2025-05-04 00:00:00',1),(1145,'2025-05-04 00:00:00',1),(1146,'2025-05-04 00:00:00',1),(1147,'2025-05-04 00:00:00',1),(1148,'2025-05-04 00:00:00',1),(1149,'2025-05-04 00:00:00',1),(1150,'2025-05-04 00:00:00',1),(1151,'2025-05-04 00:00:00',1),(1152,'2025-05-04 00:00:00',1),(1153,'2025-05-04 00:00:00',1),(1154,'2025-05-04 00:00:00',1),(1155,'2025-05-04 00:00:00',1),(1156,'2025-05-04 00:00:00',1),(1157,'2025-05-04 00:00:00',1),(1158,'2025-05-04 00:00:00',1),(1159,'2025-05-04 00:00:00',1),(1160,'2025-05-04 00:00:00',1),(1161,'2025-05-04 00:00:00',1),(1162,'2025-05-04 00:00:00',1),(1163,'2025-05-04 00:00:00',1),(1164,'2025-05-04 00:00:00',1),(1165,'2025-05-04 00:00:00',1),(1166,'2025-05-04 00:00:00',1),(1167,'2025-05-04 00:00:00',1),(1168,'2025-05-04 00:00:00',1),(1169,'2025-05-04 00:00:00',1),(1170,'2025-05-04 00:00:00',1),(1171,'2025-05-04 00:00:00',1),(1172,'2025-05-04 00:00:00',1),(1173,'2025-05-04 00:00:00',1),(1174,'2025-05-04 00:00:00',1),(1175,'2025-05-04 00:00:00',1),(1176,'2025-05-04 00:00:00',1),(1177,'2025-05-04 00:00:00',1),(1178,'2025-05-04 00:00:00',1),(1179,'2025-05-04 00:00:00',1),(1180,'2025-05-04 00:00:00',1),(1181,'2025-05-04 00:00:00',1),(1182,'2025-05-04 00:00:00',1),(1183,'2025-05-04 00:00:00',1),(1184,'2025-05-04 00:00:00',1),(1185,'2025-05-04 00:00:00',1),(1186,'2025-05-04 00:00:00',1),(1187,'2025-05-04 00:00:00',1),(1188,'2025-05-04 00:00:00',1),(1189,'2025-05-04 00:00:00',1),(1190,'2025-05-04 00:00:00',1),(1191,'2025-05-04 00:00:00',1),(1192,'2025-05-04 00:00:00',1),(1193,'2025-05-04 00:00:00',1),(1194,'2025-05-04 00:00:00',1),(1195,'2025-05-04 00:00:00',1),(1196,'2025-05-04 00:00:00',1),(1197,'2025-05-04 00:00:00',1),(1198,'2025-05-04 00:00:00',1),(1199,'2025-05-04 00:00:00',1),(1200,'2025-05-04 00:00:00',1),(1201,'2025-05-04 00:00:00',1),(1202,'2025-05-04 00:00:00',1),(1203,'2025-05-04 00:00:00',1),(1204,'2025-05-04 00:00:00',1),(1205,'2025-05-04 00:00:00',1),(1206,'2025-05-04 00:00:00',1),(1207,'2025-05-04 00:00:00',1),(1208,'2025-05-04 00:00:00',1),(1209,'2025-05-04 00:00:00',1),(1210,'2025-05-04 00:00:00',1),(1211,'2025-05-04 00:00:00',1),(1212,'2025-05-04 00:00:00',1),(1213,'2025-05-04 00:00:00',1),(1214,'2025-05-04 00:00:00',1),(1215,'2025-05-04 00:00:00',1),(1216,'2025-05-04 00:00:00',1),(1217,'2025-05-04 00:00:00',1),(1218,'2025-05-04 00:00:00',1),(1219,'2025-05-04 00:00:00',1),(1220,'2025-05-04 00:00:00',1),(1221,'2025-05-04 00:00:00',1),(1222,'2025-05-04 00:00:00',1),(1223,'2025-05-04 00:00:00',1),(1224,'2025-05-04 00:00:00',1),(1225,'2025-05-04 00:00:00',1),(1226,'2025-05-04 00:00:00',1),(1227,'2025-05-04 00:00:00',1),(1228,'2025-05-04 00:00:00',1),(1229,'2025-05-04 00:00:00',1),(1230,'2025-05-04 00:00:00',1),(1231,'2025-05-04 00:00:00',1),(1232,'2025-05-04 00:00:00',1),(1233,'2025-05-04 00:00:00',1),(1234,'2025-05-04 00:00:00',1),(1235,'2025-05-04 00:00:00',1),(1236,'2025-05-04 00:00:00',1),(1237,'2025-05-04 00:00:00',1),(1238,'2025-05-04 00:00:00',1),(1239,'2025-05-04 00:00:00',1),(1240,'2025-05-04 00:00:00',1),(1241,'2025-05-04 00:00:00',1),(1242,'2025-05-04 00:00:00',1),(1243,'2025-05-04 00:00:00',1),(1244,'2025-05-04 00:00:00',1),(1245,'2025-05-04 00:00:00',1),(1246,'2025-05-04 00:00:00',1),(1247,'2025-05-04 00:00:00',1),(1248,'2025-05-04 00:00:00',1),(1249,'2025-05-04 00:00:00',1),(1250,'2025-05-04 00:00:00',1),(1251,'2025-05-04 00:00:00',1),(1252,'2025-05-04 00:00:00',1),(1253,'2025-05-04 00:00:00',1),(1254,'2025-05-04 00:00:00',1),(1255,'2025-05-04 00:00:00',1),(1256,'2025-05-04 00:00:00',1),(1257,'2025-05-04 00:00:00',1),(1258,'2025-05-04 00:00:00',1),(1259,'2025-05-04 00:00:00',1),(1260,'2025-05-04 00:00:00',1),(1261,'2025-05-04 00:00:00',1),(1262,'2025-05-04 00:00:00',1),(1263,'2025-05-04 00:00:00',1),(1264,'2025-05-04 00:00:00',1),(1265,'2025-05-04 00:00:00',1),(1266,'2025-05-04 00:00:00',1),(1267,'2025-05-04 00:00:00',1),(1268,'2025-05-04 00:00:00',1),(1269,'2025-05-04 00:00:00',1),(1270,'2025-05-04 00:00:00',1),(1271,'2025-05-04 00:00:00',1),(1272,'2025-05-04 00:00:00',1),(1273,'2025-05-04 00:00:00',1),(1274,'2025-05-04 00:00:00',1),(1275,'2025-05-04 00:00:00',1),(1276,'2025-05-04 00:00:00',1),(1277,'2025-05-04 00:00:00',1),(1278,'2025-05-04 00:00:00',1),(1279,'2025-05-04 00:00:00',1),(1280,'2025-05-04 00:00:00',1),(1281,'2025-05-04 00:00:00',1),(1282,'2025-05-04 00:00:00',1),(1283,'2025-05-04 00:00:00',1),(1284,'2025-05-04 00:00:00',1),(1285,'2025-05-04 00:00:00',1),(1286,'2025-05-04 00:00:00',1),(1287,'2025-05-04 00:00:00',1),(1288,'2025-05-04 00:00:00',1),(1289,'2025-05-04 00:00:00',1),(1290,'2025-05-04 00:00:00',1),(1291,'2025-05-04 00:00:00',1),(1292,'2025-05-04 00:00:00',1),(1293,'2025-05-04 00:00:00',1),(1294,'2025-05-04 00:00:00',1),(1295,'2025-05-04 00:00:00',1),(1296,'2025-05-04 00:00:00',1),(1297,'2025-05-04 00:00:00',1),(1298,'2025-05-04 00:00:00',1),(1299,'2025-05-04 00:00:00',1),(1300,'2025-05-04 00:00:00',1),(1301,'2025-05-04 00:00:00',1),(1302,'2025-05-04 00:00:00',1),(1303,'2025-05-04 00:00:00',1),(1304,'2025-05-04 00:00:00',1),(1305,'2025-05-04 00:00:00',1),(1306,'2025-05-04 00:00:00',1),(1307,'2025-05-04 00:00:00',1),(1308,'2025-05-04 00:00:00',1),(1309,'2025-05-04 00:00:00',1),(1310,'2025-05-04 00:00:00',1),(1311,'2025-05-04 00:00:00',1),(1312,'2025-05-04 00:00:00',1),(1313,'2025-05-04 00:00:00',1),(1314,'2025-05-04 00:00:00',1),(1315,'2025-05-04 00:00:00',1),(1316,'2025-05-04 00:00:00',1),(1317,'2025-05-04 00:00:00',1),(1318,'2025-05-04 00:00:00',1),(1319,'2025-05-04 00:00:00',1),(1320,'2025-05-04 00:00:00',1),(1321,'2025-05-04 00:00:00',1),(1322,'2025-05-04 00:00:00',1),(1323,'2025-05-04 00:00:00',1),(1324,'2025-05-04 00:00:00',1),(1325,'2025-05-04 00:00:00',1),(1326,'2025-05-04 00:00:00',1),(1327,'2025-05-04 00:00:00',1),(1328,'2025-05-04 00:00:00',1),(1329,'2025-05-04 00:00:00',1),(1330,'2025-05-04 00:00:00',1),(1331,'2025-05-04 00:00:00',1),(1332,'2025-05-04 00:00:00',1),(1333,'2025-05-04 00:00:00',1),(1334,'2025-05-04 00:00:00',1),(1335,'2025-05-04 00:00:00',1),(1336,'2025-05-04 00:00:00',1),(1337,'2025-05-04 00:00:00',1),(1338,'2025-05-04 00:00:00',1),(1339,'2025-05-04 00:00:00',1),(1340,'2025-05-04 00:00:00',1),(1341,'2025-05-04 00:00:00',1),(1342,'2025-05-04 00:00:00',1),(1343,'2025-05-04 00:00:00',1),(1344,'2025-05-04 00:00:00',1),(1345,'2025-05-04 00:00:00',1),(1346,'2025-05-04 00:00:00',1),(1347,'2025-05-04 00:00:00',1),(1348,'2025-05-04 00:00:00',1),(1349,'2025-05-04 00:00:00',1),(1350,'2025-05-04 00:00:00',1),(1351,'2025-05-04 00:00:00',1),(1352,'2025-05-04 00:00:00',1),(1353,'2025-05-05 00:00:00',1),(1354,'2025-05-05 00:00:00',1),(1355,'2025-05-05 00:00:00',1),(1356,'2025-05-05 00:00:00',1),(1357,'2025-05-05 00:00:00',1),(1358,'2025-05-05 00:00:00',1),(1359,'2025-05-05 00:00:00',1),(1360,'2025-05-05 00:00:00',1),(1361,'2025-05-05 00:00:00',1),(1362,'2025-05-05 00:00:00',1),(1363,'2025-05-05 00:00:00',1),(1364,'2025-05-05 00:00:00',1),(1365,'2025-05-05 00:00:00',1),(1366,'2025-05-05 00:00:00',1),(1367,'2025-05-05 00:00:00',1),(1368,'2025-05-05 00:00:00',1),(1369,'2025-05-05 00:00:00',1),(1370,'2025-05-05 00:00:00',1),(1371,'2025-05-05 00:00:00',1),(1372,'2025-05-05 00:00:00',1),(1373,'2025-05-05 00:00:00',1),(1374,'2025-05-05 00:00:00',1),(1375,'2025-05-05 00:00:00',1),(1376,'2025-05-05 00:00:00',1),(1377,'2025-05-05 00:00:00',1),(1378,'2025-05-05 00:00:00',1),(1379,'2025-05-05 00:00:00',1),(1380,'2025-05-05 00:00:00',1),(1381,'2025-05-05 00:00:00',1),(1382,'2025-05-05 00:00:00',1),(1383,'2025-05-05 00:00:00',1),(1384,'2025-05-05 00:00:00',1),(1385,'2025-05-05 00:00:00',1),(1386,'2025-05-05 00:00:00',1),(1387,'2025-05-05 00:00:00',1),(1388,'2025-05-05 00:00:00',1),(1389,'2025-05-05 00:00:00',1),(1390,'2025-05-05 00:00:00',1),(1391,'2025-05-05 00:00:00',1),(1392,'2025-05-05 00:00:00',1),(1393,'2025-05-05 00:00:00',1),(1394,'2025-05-05 00:00:00',1),(1395,'2025-05-05 00:00:00',1),(1396,'2025-05-05 00:00:00',1),(1397,'2025-05-05 00:00:00',1),(1398,'2025-05-05 00:00:00',1),(1399,'2025-05-05 00:00:00',1),(1400,'2025-05-05 00:00:00',1),(1401,'2025-05-05 00:00:00',1),(1402,'2025-05-05 00:00:00',1),(1403,'2025-05-05 00:00:00',1),(1404,'2025-05-05 00:00:00',1),(1405,'2025-05-05 00:00:00',1),(1406,'2025-05-05 00:00:00',1),(1407,'2025-05-05 00:00:00',1),(1408,'2025-05-05 00:00:00',1),(1409,'2025-05-05 00:00:00',1),(1410,'2025-05-05 00:00:00',1),(1411,'2025-05-05 00:00:00',1),(1412,'2025-05-05 00:00:00',1),(1413,'2025-05-05 00:00:00',1),(1414,'2025-05-05 00:00:00',1),(1415,'2025-05-05 00:00:00',1),(1416,'2025-05-05 00:00:00',1),(1417,'2025-05-05 00:00:00',1),(1418,'2025-05-05 00:00:00',1),(1419,'2025-05-05 00:00:00',1),(1420,'2025-05-05 00:00:00',1),(1421,'2025-05-05 00:00:00',1),(1422,'2025-05-05 00:00:00',1),(1423,'2025-05-05 00:00:00',1),(1424,'2025-05-07 00:00:00',1),(1425,'2025-05-07 00:00:00',1),(1426,'2025-05-07 00:00:00',1),(1427,'2025-05-07 00:00:00',1),(1428,'2025-05-07 00:00:00',1),(1429,'2025-05-07 00:00:00',1),(1430,'2025-05-07 00:00:00',1),(1431,'2025-05-07 00:00:00',1),(1432,'2025-05-07 00:00:00',1),(1433,'2025-05-07 00:00:00',1),(1434,'2025-05-07 00:00:00',1),(1435,'2025-05-07 00:00:00',1),(1436,'2025-05-07 00:00:00',1),(1437,'2025-05-07 00:00:00',1),(1438,'2025-05-07 00:00:00',1),(1439,'2025-05-07 00:00:00',1),(1440,'2025-05-07 00:00:00',1),(1441,'2025-05-07 00:00:00',1),(1442,'2025-05-07 00:00:00',1),(1443,'2025-05-07 00:00:00',1),(1444,'2025-05-07 00:00:00',1),(1445,'2025-05-07 00:00:00',1),(1446,'2025-05-07 00:00:00',1),(1447,'2025-05-07 00:00:00',1),(1448,'2025-05-07 00:00:00',1),(1449,'2025-05-07 00:00:00',1),(1450,'2025-05-07 00:00:00',1),(1451,'2025-05-07 00:00:00',1),(1452,'2025-05-07 00:00:00',1),(1453,'2025-05-07 00:00:00',1),(1454,'2025-05-07 00:00:00',1),(1455,'2025-05-07 00:00:00',1),(1456,'2025-05-07 00:00:00',1),(1457,'2025-05-07 00:00:00',1),(1458,'2025-05-07 00:00:00',1),(1459,'2025-05-07 00:00:00',1),(1460,'2025-05-07 00:00:00',1),(1461,'2025-05-07 00:00:00',1),(1462,'2025-05-07 00:00:00',1),(1463,'2025-05-07 00:00:00',1),(1464,'2025-05-07 00:00:00',1),(1465,'2025-05-07 00:00:00',1),(1466,'2025-05-07 00:00:00',1),(1467,'2025-05-07 00:00:00',1),(1468,'2025-05-07 00:00:00',1),(1469,'2025-05-07 00:00:00',1),(1470,'2025-05-07 00:00:00',1),(1471,'2025-05-07 00:00:00',1),(1472,'2025-05-07 00:00:00',1),(1473,'2025-05-07 00:00:00',1),(1474,'2025-05-07 00:00:00',1),(1475,'2025-05-07 00:00:00',1),(1476,'2025-05-07 00:00:00',1),(1477,'2025-05-07 00:00:00',1),(1478,'2025-05-07 00:00:00',1),(1479,'2025-05-07 00:00:00',1),(1480,'2025-05-07 00:00:00',1),(1481,'2025-05-07 00:00:00',1),(1482,'2025-05-07 00:00:00',1),(1483,'2025-05-07 00:00:00',1),(1484,'2025-05-07 00:00:00',1),(1485,'2025-05-07 00:00:00',1),(1486,'2025-05-07 00:00:00',1),(1487,'2025-05-07 00:00:00',1),(1488,'2025-05-07 00:00:00',1),(1489,'2025-05-07 00:00:00',1),(1490,'2025-05-07 00:00:00',1),(1491,'2025-05-07 00:00:00',1),(1492,'2025-05-07 00:00:00',1),(1493,'2025-05-07 00:00:00',1),(1494,'2025-05-07 00:00:00',1),(1495,'2025-05-07 00:00:00',1),(1496,'2025-05-07 00:00:00',1),(1497,'2025-05-07 00:00:00',1),(1498,'2025-05-07 00:00:00',1),(1499,'2025-05-07 00:00:00',1),(1500,'2025-05-07 00:00:00',1),(1501,'2025-05-07 00:00:00',1),(1502,'2025-05-07 00:00:00',1),(1503,'2025-05-07 00:00:00',1),(1504,'2025-05-07 00:00:00',1),(1505,'2025-05-07 00:00:00',1),(1506,'2025-05-07 00:00:00',1),(1507,'2025-05-07 00:00:00',1),(1508,'2025-05-07 00:00:00',1),(1509,'2025-05-07 00:00:00',1),(1510,'2025-05-07 00:00:00',1),(1511,'2025-05-07 00:00:00',1),(1512,'2025-05-07 00:00:00',1),(1513,'2025-05-07 00:00:00',1),(1514,'2025-05-07 00:00:00',1),(1515,'2025-05-07 00:00:00',1),(1516,'2025-05-07 00:00:00',1),(1517,'2025-05-07 00:00:00',1),(1518,'2025-05-07 00:00:00',1),(1519,'2025-05-07 00:00:00',1),(1520,'2025-05-07 00:00:00',1),(1521,'2025-05-07 00:00:00',1),(1522,'2025-05-07 00:00:00',1),(1523,'2025-05-07 00:00:00',1),(1524,'2025-05-07 00:00:00',1),(1525,'2025-05-07 00:00:00',1),(1526,'2025-05-07 00:00:00',1),(1527,'2025-05-07 00:00:00',1),(1528,'2025-05-07 00:00:00',1),(1529,'2025-05-07 00:00:00',1),(1530,'2025-05-07 00:00:00',1),(1531,'2025-05-07 00:00:00',1),(1532,'2025-05-07 00:00:00',1),(1533,'2025-05-07 00:00:00',1),(1534,'2025-05-07 00:00:00',1),(1535,'2025-05-07 00:00:00',1),(1536,'2025-05-07 00:00:00',1),(1537,'2025-05-07 00:00:00',1),(1538,'2025-05-07 00:00:00',1),(1539,'2025-05-07 00:00:00',1),(1540,'2025-05-07 00:00:00',1),(1541,'2025-05-07 00:00:00',1),(1542,'2025-05-07 00:00:00',1),(1543,'2025-05-07 00:00:00',1),(1544,'2025-05-07 00:00:00',1),(1545,'2025-05-07 00:00:00',1),(1546,'2025-05-07 00:00:00',1),(1547,'2025-05-07 00:00:00',1),(1548,'2025-05-07 00:00:00',1),(1549,'2025-05-07 00:00:00',1),(1550,'2025-05-07 00:00:00',1),(1551,'2025-05-07 00:00:00',1),(1552,'2025-05-07 00:00:00',1),(1553,'2025-05-07 00:00:00',1),(1554,'2025-05-07 00:00:00',1),(1555,'2025-05-07 00:00:00',1),(1556,'2025-05-07 00:00:00',1),(1557,'2025-05-07 00:00:00',1),(1558,'2025-05-07 00:00:00',1),(1559,'2025-05-07 00:00:00',1),(1560,'2025-05-07 00:00:00',1),(1561,'2025-05-07 00:00:00',1),(1562,'2025-05-07 00:00:00',1),(1563,'2025-05-07 00:00:00',1),(1564,'2025-05-07 00:00:00',1),(1565,'2025-05-07 00:00:00',1),(1566,'2025-05-07 00:00:00',1),(1567,'2025-05-07 00:00:00',1),(1568,'2025-05-07 00:00:00',1),(1569,'2025-05-07 00:00:00',1),(1570,'2025-05-07 00:00:00',1),(1571,'2025-05-07 00:00:00',1),(1572,'2025-05-07 00:00:00',1),(1573,'2025-05-07 00:00:00',1),(1574,'2025-05-07 00:00:00',1),(1575,'2025-05-07 00:00:00',1),(1576,'2025-05-07 00:00:00',1),(1577,'2025-05-07 00:00:00',1),(1578,'2025-05-07 00:00:00',1),(1579,'2025-05-07 00:00:00',1),(1580,'2025-05-07 00:00:00',1),(1581,'2025-05-07 00:00:00',1),(1582,'2025-05-07 00:00:00',1),(1583,'2025-05-07 00:00:00',1),(1584,'2025-05-07 00:00:00',1),(1585,'2025-05-07 00:00:00',1),(1586,'2025-05-07 00:00:00',1),(1587,'2025-05-07 00:00:00',1),(1588,'2025-05-07 00:00:00',1),(1589,'2025-05-07 00:00:00',1),(1590,'2025-05-07 00:00:00',1),(1591,'2025-05-07 00:00:00',1),(1592,'2025-05-07 00:00:00',1),(1593,'2025-05-07 00:00:00',1),(1594,'2025-05-07 00:00:00',1),(1595,'2025-05-07 00:00:00',1),(1596,'2025-05-07 00:00:00',1),(1597,'2025-05-07 00:00:00',1),(1598,'2025-05-07 00:00:00',1),(1599,'2025-05-07 00:00:00',1),(1600,'2025-05-07 00:00:00',1),(1601,'2025-05-07 00:00:00',1),(1602,'2025-05-07 00:00:00',1),(1603,'2025-05-07 00:00:00',1),(1604,'2025-05-07 00:00:00',1),(1605,'2025-05-07 00:00:00',1),(1606,'2025-05-07 00:00:00',1),(1607,'2025-05-07 00:00:00',1),(1608,'2025-05-07 00:00:00',1),(1609,'2025-05-07 00:00:00',1),(1610,'2025-05-07 00:00:00',1),(1611,'2025-05-07 00:00:00',1),(1612,'2025-05-07 00:00:00',1),(1613,'2025-05-07 00:00:00',1),(1614,'2025-05-07 00:00:00',1),(1615,'2025-05-07 00:00:00',1),(1616,'2025-05-07 00:00:00',1),(1617,'2025-05-07 00:00:00',1),(1618,'2025-05-07 00:00:00',1),(1619,'2025-05-07 00:00:00',1),(1620,'2025-05-07 00:00:00',1),(1621,'2025-05-07 00:00:00',1),(1622,'2025-05-07 00:00:00',1),(1623,'2025-05-07 00:00:00',1),(1624,'2025-05-07 00:00:00',1),(1625,'2025-05-07 00:00:00',1),(1626,'2025-05-07 00:00:00',1),(1627,'2025-05-07 00:00:00',1),(1628,'2025-05-07 00:00:00',1),(1629,'2025-05-07 00:00:00',1),(1630,'2025-05-07 00:00:00',1),(1631,'2025-05-07 00:00:00',1),(1632,'2025-05-07 00:00:00',1),(1633,'2025-05-07 00:00:00',1),(1634,'2025-05-07 00:00:00',1),(1635,'2025-05-07 00:00:00',1),(1636,'2025-05-07 00:00:00',1),(1637,'2025-05-07 00:00:00',1),(1638,'2025-05-07 00:00:00',1),(1639,'2025-05-07 00:00:00',1),(1640,'2025-05-07 00:00:00',1),(1641,'2025-05-07 00:00:00',1),(1642,'2025-05-07 00:00:00',1),(1643,'2025-05-07 00:00:00',1),(1644,'2025-05-07 00:00:00',1),(1645,'2025-05-07 00:00:00',1),(1646,'2025-05-07 00:00:00',1),(1647,'2025-05-07 00:00:00',1),(1648,'2025-05-07 00:00:00',1),(1649,'2025-05-07 00:00:00',1),(1650,'2025-05-07 00:00:00',1),(1651,'2025-05-07 00:00:00',1),(1652,'2025-05-07 00:00:00',1),(1653,'2025-05-07 00:00:00',1),(1654,'2025-05-07 00:00:00',1),(1655,'2025-05-07 00:00:00',1),(1656,'2025-05-07 00:00:00',1),(1657,'2025-05-07 00:00:00',1),(1658,'2025-05-07 00:00:00',1),(1659,'2025-05-07 00:00:00',1),(1660,'2025-05-07 00:00:00',1),(1661,'2025-05-07 00:00:00',1),(1662,'2025-05-07 00:00:00',1),(1663,'2025-05-07 00:00:00',1),(1664,'2025-05-07 00:00:00',1),(1665,'2025-05-07 00:00:00',1),(1666,'2025-05-07 00:00:00',1),(1667,'2025-05-07 00:00:00',1),(1668,'2025-05-07 00:00:00',1),(1669,'2025-05-07 00:00:00',1),(1670,'2025-05-07 00:00:00',1),(1671,'2025-05-07 00:00:00',1),(1672,'2025-05-07 00:00:00',1),(1673,'2025-05-07 00:00:00',1),(1674,'2025-05-07 00:00:00',1),(1675,'2025-05-07 00:00:00',1),(1676,'2025-05-07 00:00:00',1),(1677,'2025-05-07 00:00:00',1),(1678,'2025-05-07 00:00:00',1),(1679,'2025-05-07 00:00:00',1),(1680,'2025-05-07 00:00:00',1),(1681,'2025-05-07 00:00:00',1),(1682,'2025-05-07 00:00:00',1),(1683,'2025-05-07 00:00:00',1),(1684,'2025-05-07 00:00:00',1),(1685,'2025-05-07 00:00:00',1),(1686,'2025-05-07 00:00:00',1),(1687,'2025-05-07 00:00:00',1),(1688,'2025-05-07 00:00:00',1),(1689,'2025-05-07 00:00:00',1),(1690,'2025-05-07 00:00:00',1),(1691,'2025-05-07 00:00:00',1),(1692,'2025-05-07 00:00:00',1),(1693,'2025-05-07 00:00:00',1),(1694,'2025-05-07 00:00:00',1),(1695,'2025-05-07 00:00:00',1),(1696,'2025-05-07 00:00:00',1),(1697,'2025-05-07 00:00:00',1),(1698,'2025-05-07 00:00:00',1),(1699,'2025-05-07 00:00:00',1),(1700,'2025-05-07 00:00:00',1),(1701,'2025-05-07 00:00:00',1),(1702,'2025-05-07 00:00:00',1),(1703,'2025-05-07 00:00:00',1),(1704,'2025-05-07 00:00:00',1),(1705,'2025-05-07 00:00:00',1),(1706,'2025-05-07 00:00:00',1),(1707,'2025-05-07 00:00:00',1),(1708,'2025-05-07 00:00:00',1),(1709,'2025-05-07 00:00:00',1),(1710,'2025-05-07 00:00:00',1),(1711,'2025-05-07 00:00:00',1),(1712,'2025-05-07 00:00:00',1),(1713,'2025-05-07 00:00:00',1),(1714,'2025-05-07 00:00:00',1),(1715,'2025-05-07 00:00:00',1),(1716,'2025-05-07 00:00:00',1),(1717,'2025-05-07 00:00:00',1),(1718,'2025-05-07 00:00:00',1),(1719,'2025-05-07 00:00:00',1),(1720,'2025-05-07 00:00:00',1),(1721,'2025-05-07 00:00:00',1),(1722,'2025-05-07 00:00:00',1),(1723,'2025-05-07 00:00:00',1),(1724,'2025-05-07 00:00:00',1),(1725,'2025-05-07 00:00:00',1),(1726,'2025-05-07 00:00:00',1),(1727,'2025-05-07 00:00:00',1),(1728,'2025-05-07 00:00:00',1),(1729,'2025-05-07 00:00:00',1),(1730,'2025-05-07 00:00:00',1),(1731,'2025-05-07 00:00:00',1),(1732,'2025-05-07 00:00:00',1),(1733,'2025-05-07 00:00:00',1),(1734,'2025-05-07 00:00:00',1),(1735,'2025-05-07 00:00:00',1),(1736,'2025-05-07 00:00:00',1),(1737,'2025-05-07 00:00:00',1),(1738,'2025-05-07 00:00:00',1),(1739,'2025-05-07 00:00:00',1),(1740,'2025-05-07 00:00:00',1),(1741,'2025-05-07 00:00:00',1),(1742,'2025-05-07 00:00:00',1),(1743,'2025-05-07 00:00:00',1),(1744,'2025-05-07 00:00:00',1),(1745,'2025-05-07 00:00:00',1),(1746,'2025-05-07 00:00:00',1),(1747,'2025-05-07 00:00:00',1),(1748,'2025-05-07 00:00:00',1),(1749,'2025-05-07 00:00:00',1),(1750,'2025-05-07 00:00:00',1),(1751,'2025-05-07 00:00:00',1),(1752,'2025-05-07 00:00:00',1),(1753,'2025-05-07 00:00:00',1),(1754,'2025-05-07 00:00:00',1),(1755,'2025-05-07 00:00:00',1),(1756,'2025-05-07 00:00:00',1),(1757,'2025-05-07 00:00:00',1),(1758,'2025-05-07 00:00:00',1),(1759,'2025-05-07 00:00:00',1),(1760,'2025-05-07 00:00:00',1),(1761,'2025-05-07 00:00:00',1),(1762,'2025-05-07 00:00:00',1),(1763,'2025-05-07 00:00:00',1),(1764,'2025-05-07 00:00:00',1),(1765,'2025-05-07 00:00:00',1),(1766,'2025-05-07 00:00:00',1),(1767,'2025-05-07 00:00:00',1),(1768,'2025-05-07 00:00:00',1),(1769,'2025-05-07 00:00:00',1),(1770,'2025-05-07 00:00:00',1),(1771,'2025-05-07 00:00:00',1),(1772,'2025-05-07 00:00:00',1),(1773,'2025-05-07 00:00:00',1),(1774,'2025-05-07 00:00:00',1),(1775,'2025-05-07 00:00:00',1),(1776,'2025-05-07 00:00:00',1),(1777,'2025-05-07 00:00:00',1),(1778,'2025-05-07 00:00:00',1),(1779,'2025-05-07 00:00:00',1),(1780,'2025-05-07 00:00:00',1),(1781,'2025-05-07 00:00:00',1),(1782,'2025-05-07 00:00:00',1),(1783,'2025-05-07 00:00:00',1),(1784,'2025-05-07 00:00:00',1),(1785,'2025-05-07 00:00:00',1),(1786,'2025-05-07 00:00:00',1),(1787,'2025-05-07 00:00:00',1),(1788,'2025-05-07 00:00:00',1),(1789,'2025-05-07 00:00:00',1),(1790,'2025-05-07 00:00:00',1),(1791,'2025-05-07 00:00:00',1),(1792,'2025-05-07 00:00:00',1),(1793,'2025-05-07 00:00:00',1),(1794,'2025-05-07 00:00:00',1),(1795,'2025-05-07 00:00:00',1),(1796,'2025-05-07 00:00:00',1),(1797,'2025-05-07 00:00:00',1),(1798,'2025-05-07 00:00:00',1),(1799,'2025-05-07 00:00:00',1),(1800,'2025-05-07 00:00:00',1),(1801,'2025-05-07 00:00:00',1),(1802,'2025-05-07 00:00:00',1),(1803,'2025-05-07 00:00:00',1),(1804,'2025-05-07 00:00:00',1),(1805,'2025-05-07 00:00:00',1),(1806,'2025-05-07 00:00:00',1),(1807,'2025-05-07 00:00:00',1),(1808,'2025-05-07 00:00:00',1),(1809,'2025-05-07 00:00:00',1),(1810,'2025-05-07 00:00:00',1),(1811,'2025-05-07 00:00:00',1),(1812,'2025-05-07 00:00:00',1),(1813,'2025-05-07 00:00:00',1),(1814,'2025-05-07 00:00:00',1),(1815,'2025-05-07 00:00:00',1),(1816,'2025-05-07 00:00:00',1),(1817,'2025-05-07 00:00:00',1),(1818,'2025-05-07 00:00:00',1),(1819,'2025-05-07 00:00:00',1),(1820,'2025-05-07 00:00:00',1),(1821,'2025-05-07 00:00:00',1),(1822,'2025-05-07 00:00:00',1),(1823,'2025-05-07 00:00:00',1),(1824,'2025-05-07 00:00:00',1),(1825,'2025-05-07 00:00:00',1),(1826,'2025-05-07 00:00:00',1),(1827,'2025-05-07 00:00:00',1),(1828,'2025-05-07 00:00:00',1),(1829,'2025-05-07 00:00:00',1),(1830,'2025-05-07 00:00:00',1),(1831,'2025-05-07 00:00:00',1),(1832,'2025-05-07 00:00:00',1),(1833,'2025-05-07 00:00:00',1),(1834,'2025-05-07 00:00:00',1),(1835,'2025-05-07 00:00:00',1),(1836,'2025-05-07 00:00:00',1),(1837,'2025-05-07 00:00:00',1),(1838,'2025-05-07 00:00:00',1),(1839,'2025-05-07 00:00:00',1),(1840,'2025-05-07 00:00:00',1),(1841,'2025-05-07 00:00:00',1),(1842,'2025-05-07 00:00:00',1),(1843,'2025-05-07 00:00:00',1),(1844,'2025-05-07 00:00:00',1),(1845,'2025-05-07 00:00:00',1),(1846,'2025-05-07 00:00:00',1),(1847,'2025-05-07 00:00:00',1),(1848,'2025-05-07 00:00:00',1),(1849,'2025-05-07 00:00:00',1),(1850,'2025-05-07 00:00:00',1),(1851,'2025-05-07 00:00:00',1),(1852,'2025-05-07 00:00:00',1),(1853,'2025-05-07 00:00:00',1),(1854,'2025-05-07 00:00:00',1),(1855,'2025-05-07 00:00:00',1),(1856,'2025-05-07 00:00:00',1),(1857,'2025-05-07 00:00:00',1),(1858,'2025-05-07 00:00:00',1),(1859,'2025-05-07 00:00:00',1),(1860,'2025-05-07 00:00:00',1),(1861,'2025-05-07 00:00:00',1),(1862,'2025-05-07 00:00:00',1),(1863,'2025-05-07 00:00:00',1),(1864,'2025-05-07 00:00:00',1),(1865,'2025-05-07 00:00:00',1),(1866,'2025-05-07 00:00:00',1),(1867,'2025-05-07 00:00:00',1),(1868,'2025-05-07 00:00:00',1),(1869,'2025-05-07 00:00:00',1),(1870,'2025-05-07 00:00:00',1),(1871,'2025-05-07 00:00:00',1),(1872,'2025-05-07 00:00:00',1),(1873,'2025-05-07 00:00:00',1),(1874,'2025-05-07 00:00:00',1),(1875,'2025-05-07 00:00:00',1),(1876,'2025-05-07 00:00:00',1),(1877,'2025-05-07 00:00:00',1),(1878,'2025-05-07 00:00:00',1),(1879,'2025-05-07 00:00:00',1),(1880,'2025-05-07 00:00:00',1),(1881,'2025-05-07 00:00:00',1),(1882,'2025-05-07 00:00:00',1),(1883,'2025-05-07 00:00:00',1),(1884,'2025-05-07 00:00:00',1),(1885,'2025-05-07 00:00:00',1),(1886,'2025-05-07 00:00:00',1),(1887,'2025-05-07 00:00:00',1),(1888,'2025-05-07 00:00:00',1),(1889,'2025-05-07 00:00:00',1),(1890,'2025-05-07 00:00:00',1),(1891,'2025-05-07 00:00:00',1),(1892,'2025-05-07 00:00:00',1),(1893,'2025-05-07 00:00:00',1),(1894,'2025-05-07 00:00:00',1),(1895,'2025-05-07 00:00:00',1),(1896,'2025-05-07 00:00:00',1),(1897,'2025-05-07 00:00:00',1),(1898,'2025-05-07 00:00:00',1),(1899,'2025-05-07 00:00:00',1),(1900,'2025-05-07 00:00:00',1),(1901,'2025-05-07 00:00:00',1),(1902,'2025-05-07 00:00:00',1),(1903,'2025-05-07 00:00:00',1),(1904,'2025-05-07 00:00:00',1),(1905,'2025-05-07 00:00:00',1),(1906,'2025-05-07 00:00:00',1),(1907,'2025-05-07 00:00:00',1),(1908,'2025-05-07 00:00:00',1),(1909,'2025-05-07 00:00:00',1),(1910,'2025-05-07 00:00:00',1),(1911,'2025-05-07 00:00:00',1),(1912,'2025-05-07 00:00:00',1),(1913,'2025-05-07 00:00:00',1),(1914,'2025-05-07 00:00:00',1),(1915,'2025-05-07 00:00:00',1),(1916,'2025-05-07 00:00:00',1),(1917,'2025-05-07 00:00:00',1),(1918,'2025-05-07 00:00:00',1),(1919,'2025-05-07 00:00:00',1),(1920,'2025-05-07 00:00:00',1),(1921,'2025-05-07 00:00:00',1),(1922,'2025-05-07 00:00:00',1),(1923,'2025-05-07 00:00:00',1),(1924,'2025-05-07 00:00:00',1),(1925,'2025-05-07 00:00:00',1),(1926,'2025-05-07 00:00:00',1),(1927,'2025-05-07 00:00:00',1),(1928,'2025-05-07 00:00:00',1),(1929,'2025-05-07 00:00:00',1),(1930,'2025-05-07 00:00:00',1),(1931,'2025-05-07 00:00:00',1),(1932,'2025-05-07 00:00:00',1),(1933,'2025-05-07 00:00:00',1),(1934,'2025-05-07 00:00:00',1),(1935,'2025-05-07 00:00:00',1),(1936,'2025-05-07 00:00:00',1),(1937,'2025-05-07 00:00:00',1),(1938,'2025-05-07 00:00:00',1),(1939,'2025-05-07 00:00:00',1),(1940,'2025-05-07 00:00:00',1),(1941,'2025-05-07 00:00:00',1),(1942,'2025-05-07 00:00:00',1),(1943,'2025-05-07 00:00:00',1),(1944,'2025-05-07 00:00:00',1),(1945,'2025-05-07 00:00:00',1),(1946,'2025-05-07 00:00:00',1),(1947,'2025-05-07 00:00:00',1),(1948,'2025-05-07 00:00:00',1),(1949,'2025-05-07 00:00:00',1),(1950,'2025-05-07 00:00:00',1),(1951,'2025-05-07 00:00:00',1),(1952,'2025-05-07 00:00:00',1),(1953,'2025-05-07 00:00:00',1),(1954,'2025-05-07 00:00:00',1),(1955,'2025-05-07 00:00:00',1),(1956,'2025-05-07 00:00:00',1),(1957,'2025-05-07 00:00:00',1),(1958,'2025-05-07 00:00:00',1),(1959,'2025-05-07 00:00:00',1),(1960,'2025-05-07 00:00:00',1),(1961,'2025-05-07 00:00:00',1),(1962,'2025-05-07 00:00:00',1),(1963,'2025-05-07 00:00:00',1),(1964,'2025-05-07 00:00:00',1),(1965,'2025-05-07 00:00:00',1),(1966,'2025-05-07 00:00:00',1),(1967,'2025-05-07 00:00:00',1),(1968,'2025-05-07 00:00:00',1),(1969,'2025-05-07 00:00:00',1),(1970,'2025-05-07 00:00:00',1),(1971,'2025-05-07 00:00:00',1),(1972,'2025-05-07 00:00:00',1),(1973,'2025-05-07 00:00:00',1),(1974,'2025-05-07 00:00:00',1),(1975,'2025-05-07 00:00:00',1),(1976,'2025-05-07 00:00:00',1),(1977,'2025-05-07 00:00:00',1),(1978,'2025-05-07 00:00:00',1),(1979,'2025-05-07 00:00:00',1),(1980,'2025-05-07 00:00:00',1),(1981,'2025-05-07 00:00:00',1),(1982,'2025-05-07 00:00:00',1),(1983,'2025-05-07 00:00:00',1),(1984,'2025-05-07 00:00:00',1),(1985,'2025-05-07 00:00:00',1),(1986,'2025-05-07 00:00:00',1),(1987,'2025-05-07 00:00:00',1),(1988,'2025-05-07 00:00:00',1),(1989,'2025-05-07 00:00:00',1),(1990,'2025-05-07 00:00:00',1),(1991,'2025-05-07 00:00:00',1),(1992,'2025-05-07 00:00:00',1),(1993,'2025-05-07 00:00:00',1),(1994,'2025-05-07 00:00:00',1),(1995,'2025-05-07 00:00:00',1),(1996,'2025-05-07 00:00:00',1),(1997,'2025-05-07 00:00:00',1),(1998,'2025-05-07 00:00:00',1),(1999,'2025-05-07 00:00:00',1),(2000,'2025-05-07 00:00:00',1),(2001,'2025-05-07 00:00:00',1),(2002,'2025-05-07 00:00:00',1),(2003,'2025-05-07 00:00:00',1),(2004,'2025-05-07 00:00:00',1),(2005,'2025-05-07 00:00:00',1),(2006,'2025-05-07 00:00:00',1),(2007,'2025-05-07 00:00:00',1),(2008,'2025-05-07 00:00:00',1),(2009,'2025-05-07 00:00:00',1),(2010,'2025-05-07 00:00:00',1),(2011,'2025-05-07 00:00:00',1),(2012,'2025-05-07 00:00:00',1),(2013,'2025-05-08 00:00:00',1),(2014,'2025-05-08 00:00:00',1),(2015,'2025-05-08 00:00:00',1),(2016,'2025-05-08 00:00:00',1),(2017,'2025-05-08 00:00:00',1),(2018,'2025-05-08 00:00:00',1),(2019,'2025-05-08 00:00:00',1),(2020,'2025-05-08 00:00:00',1),(2021,'2025-05-08 00:00:00',1),(2022,'2025-05-08 00:00:00',1),(2023,'2025-05-08 00:00:00',1),(2024,'2025-05-08 00:00:00',1),(2025,'2025-05-08 00:00:00',1),(2026,'2025-05-08 00:00:00',1),(2027,'2025-05-08 00:00:00',1),(2028,'2025-05-08 00:00:00',1),(2029,'2025-05-08 00:00:00',1),(2030,'2025-05-08 00:00:00',1),(2031,'2025-05-08 00:00:00',1),(2032,'2025-05-08 00:00:00',1),(2033,'2025-05-08 00:00:00',1),(2034,'2025-05-08 00:00:00',1),(2035,'2025-05-08 00:00:00',1),(2036,'2025-05-08 00:00:00',1),(2037,'2025-05-08 00:00:00',1),(2038,'2025-05-08 00:00:00',1),(2039,'2025-05-08 00:00:00',1),(2040,'2025-05-08 00:00:00',1),(2041,'2025-05-08 00:00:00',1),(2042,'2025-05-08 00:00:00',1),(2043,'2025-05-08 00:00:00',1),(2044,'2025-05-08 00:00:00',1),(2045,'2025-05-08 00:00:00',1),(2046,'2025-05-08 00:00:00',1),(2047,'2025-05-08 00:00:00',1),(2048,'2025-05-08 00:00:00',1),(2049,'2025-05-08 00:00:00',1),(2050,'2025-05-08 00:00:00',1),(2051,'2025-05-08 00:00:00',1),(2052,'2025-05-08 00:00:00',1),(2053,'2025-05-08 00:00:00',1),(2054,'2025-05-08 00:00:00',1),(2055,'2025-05-08 00:00:00',1),(2056,'2025-05-08 00:00:00',1),(2057,'2025-05-08 00:00:00',1),(2058,'2025-05-08 00:00:00',1),(2059,'2025-05-08 00:00:00',1),(2060,'2025-05-08 00:00:00',1),(2061,'2025-05-08 00:00:00',1),(2062,'2025-05-08 00:00:00',1),(2063,'2025-05-08 00:00:00',1),(2064,'2025-05-08 00:00:00',1),(2065,'2025-05-08 00:00:00',1),(2066,'2025-05-08 00:00:00',1),(2067,'2025-05-08 00:00:00',1),(2068,'2025-05-08 00:00:00',1),(2069,'2025-05-08 00:00:00',1),(2070,'2025-05-08 00:00:00',1),(2071,'2025-05-08 00:00:00',1),(2072,'2025-05-08 00:00:00',1),(2073,'2025-05-08 00:00:00',1),(2074,'2025-05-08 00:00:00',1),(2075,'2025-05-08 00:00:00',1),(2076,'2025-05-08 00:00:00',1),(2077,'2025-05-08 00:00:00',1),(2078,'2025-05-08 00:00:00',1),(2079,'2025-05-08 00:00:00',1),(2080,'2025-05-08 00:00:00',1),(2081,'2025-05-08 00:00:00',1),(2082,'2025-05-08 00:00:00',1),(2083,'2025-05-08 00:00:00',1),(2084,'2025-05-08 00:00:00',1),(2085,'2025-05-08 00:00:00',1),(2086,'2025-05-08 00:00:00',1),(2087,'2025-05-08 00:00:00',1),(2088,'2025-05-08 00:00:00',1),(2089,'2025-05-08 00:00:00',1),(2090,'2025-05-08 00:00:00',1),(2091,'2025-05-08 00:00:00',1),(2092,'2025-05-08 00:00:00',1),(2093,'2025-05-08 00:00:00',1),(2094,'2025-05-08 00:00:00',1),(2095,'2025-05-08 00:00:00',1),(2096,'2025-05-08 00:00:00',1),(2097,'2025-05-08 00:00:00',1),(2098,'2025-05-08 00:00:00',1),(2099,'2025-05-08 00:00:00',1),(2100,'2025-05-08 00:00:00',1),(2101,'2025-05-08 00:00:00',1),(2102,'2025-05-08 00:00:00',1),(2103,'2025-05-08 00:00:00',1),(2104,'2025-05-08 00:00:00',1),(2105,'2025-05-08 00:00:00',1),(2106,'2025-05-08 00:00:00',1),(2107,'2025-05-08 00:00:00',1),(2108,'2025-05-08 00:00:00',1),(2109,'2025-05-08 00:00:00',1),(2110,'2025-05-08 00:00:00',1),(2111,'2025-05-08 00:00:00',1),(2112,'2025-05-08 00:00:00',1),(2113,'2025-05-08 00:00:00',1),(2114,'2025-05-08 00:00:00',1),(2115,'2025-05-08 00:00:00',1),(2116,'2025-05-08 00:00:00',1),(2117,'2025-05-08 00:00:00',1),(2118,'2025-05-08 00:00:00',1),(2119,'2025-05-08 00:00:00',1),(2120,'2025-05-08 00:00:00',1),(2121,'2025-05-08 00:00:00',1),(2122,'2025-05-08 00:00:00',1),(2123,'2025-05-08 00:00:00',1),(2124,'2025-05-08 00:00:00',1),(2125,'2025-05-08 00:00:00',1),(2126,'2025-05-08 00:00:00',1),(2127,'2025-05-08 00:00:00',1),(2128,'2025-05-08 00:00:00',1),(2129,'2025-05-08 00:00:00',1),(2130,'2025-05-08 00:00:00',1),(2131,'2025-05-08 00:00:00',1),(2132,'2025-05-08 00:00:00',1),(2133,'2025-05-08 00:00:00',1),(2134,'2025-05-08 00:00:00',1),(2135,'2025-05-08 00:00:00',1),(2136,'2025-05-08 00:00:00',1),(2137,'2025-05-08 00:00:00',1),(2138,'2025-05-08 00:00:00',1),(2139,'2025-05-08 00:00:00',1),(2140,'2025-05-08 00:00:00',1),(2141,'2025-05-08 00:00:00',1),(2142,'2025-05-08 00:00:00',1),(2143,'2025-05-08 00:00:00',1),(2144,'2025-05-08 00:00:00',1),(2145,'2025-05-08 00:00:00',1),(2146,'2025-05-08 00:00:00',1),(2147,'2025-05-08 00:00:00',1),(2148,'2025-05-08 00:00:00',1),(2149,'2025-05-08 00:00:00',1),(2150,'2025-05-08 00:00:00',1),(2151,'2025-05-08 00:00:00',1),(2152,'2025-05-08 00:00:00',1),(2153,'2025-05-08 00:00:00',1),(2154,'2025-05-08 00:00:00',1),(2155,'2025-05-08 00:00:00',1),(2156,'2025-05-08 00:00:00',1),(2157,'2025-05-08 00:00:00',1),(2158,'2025-05-08 00:00:00',1),(2159,'2025-05-08 00:00:00',1),(2160,'2025-05-08 00:00:00',1),(2161,'2025-05-08 00:00:00',1),(2162,'2025-05-08 00:00:00',1),(2163,'2025-05-08 00:00:00',1),(2164,'2025-05-08 00:00:00',1),(2165,'2025-05-08 00:00:00',1),(2166,'2025-05-08 00:00:00',1),(2167,'2025-05-08 00:00:00',1),(2168,'2025-05-08 00:00:00',1),(2169,'2025-05-08 00:00:00',1),(2170,'2025-05-08 00:00:00',1),(2171,'2025-05-08 00:00:00',1),(2172,'2025-05-08 00:00:00',1),(2173,'2025-05-08 00:00:00',1),(2174,'2025-05-08 00:00:00',1),(2175,'2025-05-08 00:00:00',1),(2176,'2025-05-08 00:00:00',1),(2177,'2025-05-08 00:00:00',1),(2178,'2025-05-08 00:00:00',1),(2179,'2025-05-08 00:00:00',1),(2180,'2025-05-08 00:00:00',1),(2181,'2025-05-08 00:00:00',1),(2182,'2025-05-08 00:00:00',1),(2183,'2025-05-08 00:00:00',1),(2184,'2025-05-08 00:00:00',1),(2185,'2025-05-08 00:00:00',1),(2186,'2025-05-08 00:00:00',1),(2187,'2025-05-08 00:00:00',1),(2188,'2025-05-08 00:00:00',1),(2189,'2025-05-08 00:00:00',1),(2190,'2025-05-08 00:00:00',1),(2191,'2025-05-08 00:00:00',1),(2192,'2025-05-08 00:00:00',1),(2193,'2025-05-08 00:00:00',1),(2194,'2025-05-08 00:00:00',1),(2195,'2025-05-08 00:00:00',1),(2196,'2025-05-08 00:00:00',1),(2197,'2025-05-08 00:00:00',1),(2198,'2025-05-08 00:00:00',1),(2199,'2025-05-08 00:00:00',1),(2200,'2025-05-08 00:00:00',1),(2201,'2025-05-08 00:00:00',1),(2202,'2025-05-08 00:00:00',1),(2203,'2025-05-08 00:00:00',1),(2204,'2025-05-08 00:00:00',1),(2205,'2025-05-08 00:00:00',1),(2206,'2025-05-08 00:00:00',1),(2207,'2025-05-08 00:00:00',1),(2208,'2025-05-08 00:00:00',1),(2209,'2025-05-08 00:00:00',1),(2210,'2025-05-08 00:00:00',1),(2211,'2025-05-08 00:00:00',1),(2212,'2025-05-08 00:00:00',1),(2213,'2025-05-08 00:00:00',1),(2214,'2025-05-08 00:00:00',1),(2215,'2025-05-08 00:00:00',1),(2216,'2025-05-08 00:00:00',1),(2217,'2025-05-08 00:00:00',1),(2218,'2025-05-08 00:00:00',1),(2219,'2025-05-08 00:00:00',1),(2220,'2025-05-08 00:00:00',1),(2221,'2025-05-08 00:00:00',1),(2222,'2025-05-08 00:00:00',1),(2223,'2025-05-08 00:00:00',1),(2224,'2025-05-08 00:00:00',1),(2225,'2025-05-08 00:00:00',1),(2226,'2025-05-08 00:00:00',1),(2227,'2025-05-08 00:00:00',1),(2228,'2025-05-08 00:00:00',1),(2229,'2025-05-08 00:00:00',1),(2230,'2025-05-08 00:00:00',1),(2231,'2025-05-08 00:00:00',1),(2232,'2025-05-08 00:00:00',1),(2233,'2025-05-08 00:00:00',1),(2234,'2025-05-08 00:00:00',1),(2235,'2025-05-08 00:00:00',1),(2236,'2025-05-08 00:00:00',1),(2237,'2025-05-08 00:00:00',1),(2238,'2025-05-08 00:00:00',1),(2239,'2025-05-08 00:00:00',1),(2240,'2025-05-08 00:00:00',1),(2241,'2025-05-08 00:00:00',1),(2242,'2025-05-08 00:00:00',1),(2243,'2025-05-08 00:00:00',1),(2244,'2025-05-08 00:00:00',1),(2245,'2025-05-08 00:00:00',1),(2246,'2025-05-08 00:00:00',1),(2247,'2025-05-08 00:00:00',1),(2248,'2025-05-08 00:00:00',1),(2249,'2025-05-08 00:00:00',1),(2250,'2025-05-08 00:00:00',1),(2251,'2025-05-08 00:00:00',1),(2252,'2025-05-08 00:00:00',1),(2253,'2025-05-08 00:00:00',1),(2254,'2025-05-08 00:00:00',1),(2255,'2025-05-08 00:00:00',1),(2256,'2025-05-08 00:00:00',1),(2257,'2025-05-08 00:00:00',1),(2258,'2025-05-08 00:00:00',1),(2259,'2025-05-08 00:00:00',1),(2260,'2025-05-08 00:00:00',1),(2261,'2025-05-08 00:00:00',1),(2262,'2025-05-08 00:00:00',1),(2263,'2025-05-08 00:00:00',1),(2264,'2025-05-08 00:00:00',1),(2265,'2025-05-08 00:00:00',1),(2266,'2025-05-08 00:00:00',1),(2267,'2025-05-08 00:00:00',1),(2268,'2025-05-08 00:00:00',1),(2269,'2025-05-11 00:00:00',1),(2270,'2025-05-11 00:00:00',1),(2271,'2025-05-11 00:00:00',1),(2272,'2025-05-11 00:00:00',1),(2273,'2025-05-11 00:00:00',1),(2274,'2025-05-11 00:00:00',1),(2275,'2025-05-11 00:00:00',1),(2276,'2025-05-11 00:00:00',1),(2277,'2025-05-11 00:00:00',1),(2278,'2025-05-11 00:00:00',1),(2279,'2025-05-11 00:00:00',1),(2280,'2025-05-11 00:00:00',1),(2281,'2025-05-11 00:00:00',1),(2282,'2025-05-11 00:00:00',1),(2283,'2025-05-11 00:00:00',1),(2284,'2025-05-11 00:00:00',1),(2285,'2025-05-11 00:00:00',1),(2286,'2025-05-11 00:00:00',1),(2287,'2025-05-11 00:00:00',1),(2288,'2025-05-11 00:00:00',1),(2289,'2025-05-11 00:00:00',1),(2290,'2025-05-11 00:00:00',1),(2291,'2025-05-11 00:00:00',1),(2292,'2025-05-11 00:00:00',1),(2293,'2025-05-11 00:00:00',1),(2294,'2025-05-11 00:00:00',1),(2295,'2025-05-11 00:00:00',1),(2296,'2025-05-11 00:00:00',1),(2297,'2025-05-11 00:00:00',1),(2298,'2025-05-11 00:00:00',1),(2299,'2025-05-11 00:00:00',1),(2300,'2025-05-11 00:00:00',1),(2301,'2025-05-11 00:00:00',1),(2302,'2025-05-11 00:00:00',1),(2303,'2025-05-11 00:00:00',1),(2304,'2025-05-11 00:00:00',1),(2305,'2025-05-11 00:00:00',1),(2306,'2025-05-11 00:00:00',1),(2307,'2025-05-11 00:00:00',1),(2308,'2025-05-11 00:00:00',1),(2309,'2025-05-11 00:00:00',1),(2310,'2025-05-11 00:00:00',1),(2311,'2025-05-11 00:00:00',1),(2312,'2025-05-11 00:00:00',1),(2313,'2025-05-11 00:00:00',1),(2314,'2025-05-11 00:00:00',1),(2315,'2025-05-11 00:00:00',1),(2316,'2025-05-11 00:00:00',1),(2317,'2025-05-11 00:00:00',1),(2318,'2025-05-11 00:00:00',1),(2319,'2025-05-11 00:00:00',1),(2320,'2025-05-11 00:00:00',1),(2321,'2025-05-11 00:00:00',1),(2322,'2025-05-11 00:00:00',1),(2323,'2025-05-11 00:00:00',1),(2324,'2025-05-11 00:00:00',1),(2325,'2025-05-11 00:00:00',1),(2326,'2025-05-11 00:00:00',1),(2327,'2025-05-11 00:00:00',1),(2328,'2025-05-11 00:00:00',1),(2329,'2025-05-11 00:00:00',1),(2330,'2025-05-11 00:00:00',1),(2331,'2025-05-11 00:00:00',1),(2332,'2025-05-11 00:00:00',1),(2333,'2025-05-11 00:00:00',1),(2334,'2025-05-11 00:00:00',1),(2335,'2025-05-11 00:00:00',1),(2336,'2025-05-11 00:00:00',1),(2337,'2025-05-11 00:00:00',1),(2338,'2025-05-11 00:00:00',1),(2339,'2025-05-11 00:00:00',1),(2340,'2025-05-11 00:00:00',1),(2341,'2025-05-11 00:00:00',1),(2342,'2025-05-11 00:00:00',1),(2343,'2025-05-11 00:00:00',1),(2344,'2025-05-11 00:00:00',1),(2345,'2025-05-11 00:00:00',1),(2346,'2025-05-11 00:00:00',1),(2347,'2025-05-11 00:00:00',1),(2348,'2025-05-12 00:00:00',1),(2349,'2025-05-12 00:00:00',1),(2350,'2025-05-12 00:00:00',1),(2351,'2025-05-12 00:00:00',1),(2352,'2025-05-12 00:00:00',1),(2353,'2025-05-12 00:00:00',1),(2354,'2025-05-12 00:00:00',1),(2355,'2025-05-12 00:00:00',1),(2356,'2025-05-12 00:00:00',1),(2357,'2025-05-12 00:00:00',1),(2358,'2025-05-12 00:00:00',1),(2359,'2025-05-12 00:00:00',1),(2360,'2025-05-12 00:00:00',1),(2361,'2025-05-12 00:00:00',1),(2362,'2025-05-12 00:00:00',1),(2363,'2025-05-12 00:00:00',1),(2364,'2025-05-12 00:00:00',1),(2365,'2025-05-12 00:00:00',1),(2366,'2025-05-12 00:00:00',1),(2367,'2025-05-12 00:00:00',1),(2368,'2025-05-12 00:00:00',1),(2369,'2025-05-12 00:00:00',1),(2370,'2025-05-12 00:00:00',1),(2371,'2025-05-12 00:00:00',1),(2372,'2025-05-12 00:00:00',1),(2373,'2025-05-12 00:00:00',1),(2374,'2025-05-12 00:00:00',1),(2375,'2025-05-12 00:00:00',1),(2376,'2025-05-12 00:00:00',1),(2377,'2025-05-12 00:00:00',1),(2378,'2025-05-12 00:00:00',1),(2379,'2025-05-12 00:00:00',1),(2380,'2025-05-12 00:00:00',1),(2381,'2025-05-12 00:00:00',1),(2382,'2025-05-12 00:00:00',1),(2383,'2025-05-12 00:00:00',1),(2384,'2025-05-12 00:00:00',1),(2385,'2025-05-12 00:00:00',1),(2386,'2025-05-12 00:00:00',1),(2387,'2025-05-12 00:00:00',1),(2388,'2025-05-12 00:00:00',1),(2389,'2025-05-12 00:00:00',1),(2390,'2025-05-12 00:00:00',1),(2391,'2025-05-12 00:00:00',1),(2392,'2025-05-12 00:00:00',1),(2393,'2025-05-12 00:00:00',1),(2394,'2025-05-12 00:00:00',1),(2395,'2025-05-12 00:00:00',1),(2396,'2025-05-12 00:00:00',1),(2397,'2025-05-12 00:00:00',1),(2398,'2025-05-12 00:00:00',1),(2399,'2025-05-12 00:00:00',1),(2400,'2025-05-12 00:00:00',1),(2401,'2025-05-12 00:00:00',1),(2402,'2025-05-12 00:00:00',1),(2403,'2025-05-12 00:00:00',1),(2404,'2025-05-12 00:00:00',1),(2405,'2025-05-12 00:00:00',1),(2406,'2025-05-12 00:00:00',1),(2407,'2025-05-12 00:00:00',1),(2408,'2025-05-12 00:00:00',1),(2409,'2025-05-12 00:00:00',1),(2410,'2025-05-12 00:00:00',1),(2411,'2025-05-12 00:00:00',1),(2412,'2025-05-12 00:00:00',1),(2413,'2025-05-12 00:00:00',1),(2414,'2025-05-12 00:00:00',1),(2415,'2025-05-12 00:00:00',1),(2416,'2025-05-12 00:00:00',1),(2417,'2025-05-12 00:00:00',1),(2418,'2025-05-12 00:00:00',1),(2419,'2025-05-12 00:00:00',1),(2420,'2025-05-12 00:00:00',1),(2421,'2025-05-12 00:00:00',1),(2422,'2025-05-12 00:00:00',1),(2423,'2025-05-12 00:00:00',1),(2424,'2025-05-12 00:00:00',1),(2425,'2025-05-12 00:00:00',1),(2426,'2025-05-12 00:00:00',1),(2427,'2025-05-12 00:00:00',1),(2428,'2025-05-12 00:00:00',1),(2429,'2025-05-12 00:00:00',1),(2430,'2025-05-12 00:00:00',1),(2431,'2025-05-12 00:00:00',1),(2432,'2025-05-12 00:00:00',1),(2433,'2025-05-12 00:00:00',1),(2434,'2025-05-12 00:00:00',1),(2435,'2025-05-12 00:00:00',1),(2436,'2025-05-12 00:00:00',1),(2437,'2025-05-12 00:00:00',1),(2438,'2025-05-12 00:00:00',1),(2439,'2025-05-12 00:00:00',1),(2440,'2025-05-12 00:00:00',1),(2441,'2025-05-12 00:00:00',1),(2442,'2025-05-12 00:00:00',1),(2443,'2025-05-12 00:00:00',1),(2444,'2025-05-12 00:00:00',1),(2445,'2025-05-12 00:00:00',1),(2446,'2025-05-12 00:00:00',1),(2447,'2025-05-12 00:00:00',1),(2448,'2025-05-12 00:00:00',1),(2449,'2025-05-12 00:00:00',1),(2450,'2025-05-12 00:00:00',1),(2451,'2025-05-12 00:00:00',1),(2452,'2025-05-14 00:00:00',1),(2453,'2025-05-14 00:00:00',1),(2454,'2025-05-14 00:00:00',1),(2455,'2025-05-14 00:00:00',1),(2456,'2025-05-15 00:00:00',1),(2457,'2025-05-15 00:00:00',1),(2458,'2025-05-15 00:00:00',1),(2459,'2025-05-15 00:00:00',1),(2460,'2025-05-15 00:00:00',1),(2461,'2025-05-15 00:00:00',1),(2462,'2025-05-15 00:00:00',1),(2463,'2025-05-15 00:00:00',1),(2464,'2025-05-15 00:00:00',1),(2465,'2025-05-15 00:00:00',1),(2466,'2025-05-15 00:00:00',1),(2467,'2025-05-15 00:00:00',1),(2468,'2025-05-15 00:00:00',1),(2469,'2025-05-15 00:00:00',1),(2470,'2025-05-15 00:00:00',1),(2471,'2025-05-15 00:00:00',1),(2472,'2025-05-15 00:00:00',1),(2473,'2025-05-15 00:00:00',1),(2474,'2025-05-15 00:00:00',1),(2475,'2025-05-15 00:00:00',1),(2476,'2025-05-15 00:00:00',1),(2477,'2025-05-15 00:00:00',1),(2478,'2025-05-15 00:00:00',1),(2479,'2025-05-15 00:00:00',1),(2480,'2025-05-15 00:00:00',1),(2481,'2025-05-15 00:00:00',1),(2482,'2025-05-15 00:00:00',1),(2483,'2025-05-15 00:00:00',1),(2484,'2025-05-15 00:00:00',1),(2485,'2025-05-15 00:00:00',1),(2486,'2025-05-15 00:00:00',1),(2487,'2025-05-15 00:00:00',1),(2488,'2025-05-15 00:00:00',1),(2489,'2025-05-15 00:00:00',1),(2490,'2025-05-15 00:00:00',1),(2491,'2025-05-15 00:00:00',1),(2492,'2025-05-15 00:00:00',1),(2493,'2025-05-15 00:00:00',1),(2494,'2025-05-15 00:00:00',1),(2495,'2025-05-15 00:00:00',1),(2496,'2025-05-15 00:00:00',1),(2497,'2025-05-15 00:00:00',1),(2498,'2025-05-15 00:00:00',1),(2499,'2025-05-15 00:00:00',1),(2500,'2025-05-15 00:00:00',1),(2501,'2025-05-15 00:00:00',1),(2502,'2025-05-15 00:00:00',1),(2503,'2025-05-15 00:00:00',1),(2504,'2025-05-15 00:00:00',1),(2505,'2025-05-15 00:00:00',1),(2506,'2025-05-15 00:00:00',1),(2507,'2025-05-15 00:00:00',1),(2508,'2025-05-15 00:00:00',1),(2509,'2025-05-15 00:00:00',1),(2510,'2025-05-15 00:00:00',1),(2511,'2025-05-15 00:00:00',1),(2512,'2025-05-15 00:00:00',1),(2513,'2025-05-15 00:00:00',1),(2514,'2025-05-15 00:00:00',1),(2515,'2025-05-15 00:00:00',1),(2516,'2025-05-15 00:00:00',1),(2517,'2025-05-15 00:00:00',1),(2518,'2025-05-15 00:00:00',1),(2519,'2025-05-15 00:00:00',1),(2520,'2025-05-15 00:00:00',1),(2521,'2025-05-15 00:00:00',1),(2522,'2025-05-15 00:00:00',1),(2523,'2025-05-15 00:00:00',1),(2524,'2025-05-15 00:00:00',1),(2525,'2025-05-15 00:00:00',1),(2526,'2025-05-15 00:00:00',1),(2527,'2025-05-15 00:00:00',1),(2528,'2025-05-15 00:00:00',1),(2529,'2025-05-15 00:00:00',1),(2530,'2025-05-15 00:00:00',1),(2531,'2025-05-15 00:00:00',1),(2532,'2025-05-15 00:00:00',1),(2533,'2025-05-15 00:00:00',1),(2534,'2025-05-15 00:00:00',1),(2535,'2025-05-15 00:00:00',1),(2536,'2025-05-15 00:00:00',1),(2537,'2025-05-15 00:00:00',1),(2538,'2025-05-15 00:00:00',1),(2539,'2025-05-15 00:00:00',1),(2540,'2025-05-15 00:00:00',1),(2541,'2025-05-15 00:00:00',1),(2542,'2025-05-15 00:00:00',1),(2543,'2025-05-15 00:00:00',1),(2544,'2025-05-15 00:00:00',1),(2545,'2025-05-15 00:00:00',1),(2546,'2025-05-15 00:00:00',1),(2547,'2025-05-15 00:00:00',1),(2548,'2025-05-15 00:00:00',1),(2549,'2025-05-15 00:00:00',1),(2550,'2025-05-15 00:00:00',1),(2551,'2025-05-15 00:00:00',1),(2552,'2025-05-15 00:00:00',1),(2553,'2025-05-15 00:00:00',1),(2554,'2025-05-15 00:00:00',1),(2555,'2025-05-15 00:00:00',1),(2556,'2025-05-15 00:00:00',1),(2557,'2025-05-15 00:00:00',1),(2558,'2025-05-15 00:00:00',1),(2559,'2025-05-15 00:00:00',1),(2560,'2025-05-15 00:00:00',1),(2561,'2025-05-15 00:00:00',1),(2562,'2025-05-15 00:00:00',1),(2563,'2025-05-15 00:00:00',1),(2564,'2025-05-15 00:00:00',1),(2565,'2025-05-15 00:00:00',1),(2566,'2025-05-15 00:00:00',1),(2567,'2025-05-15 00:00:00',1),(2568,'2025-05-15 00:00:00',1),(2569,'2025-05-15 00:00:00',1),(2570,'2025-05-15 00:00:00',1),(2571,'2025-05-15 00:00:00',1),(2572,'2025-05-15 00:00:00',1),(2573,'2025-05-15 00:00:00',1),(2574,'2025-05-15 00:00:00',1),(2575,'2025-05-15 00:00:00',1),(2576,'2025-05-15 00:00:00',1),(2577,'2025-05-16 00:00:00',1),(2578,'2025-05-16 00:00:00',1),(2579,'2025-05-16 00:00:00',1),(2580,'2025-05-16 00:00:00',1),(2581,'2025-05-16 00:00:00',1),(2582,'2025-05-16 00:00:00',1),(2583,'2025-05-16 00:00:00',1),(2584,'2025-05-16 00:00:00',1),(2585,'2025-05-16 00:00:00',1),(2586,'2025-05-16 00:00:00',1),(2587,'2025-05-16 00:00:00',1),(2588,'2025-05-16 00:00:00',1),(2589,'2025-05-16 00:00:00',1),(2590,'2025-05-16 00:00:00',1),(2591,'2025-05-16 00:00:00',1),(2592,'2025-05-16 00:00:00',1),(2593,'2025-05-16 00:00:00',1),(2594,'2025-05-16 00:00:00',1),(2595,'2025-05-16 00:00:00',1),(2596,'2025-05-16 00:00:00',1),(2597,'2025-05-16 00:00:00',1),(2598,'2025-05-16 00:00:00',1),(2599,'2025-05-16 00:00:00',1),(2600,'2025-05-16 00:00:00',1),(2601,'2025-05-16 00:00:00',1),(2602,'2025-05-16 00:00:00',1),(2603,'2025-05-16 00:00:00',1),(2604,'2025-05-16 00:00:00',1),(2605,'2025-05-16 00:00:00',1),(2606,'2025-05-16 00:00:00',1),(2607,'2025-05-16 00:00:00',1),(2608,'2025-05-16 00:00:00',1),(2609,'2025-05-16 00:00:00',1),(2610,'2025-05-16 00:00:00',1),(2611,'2025-05-16 00:00:00',1),(2612,'2025-05-16 00:00:00',1),(2613,'2025-05-16 00:00:00',1),(2614,'2025-05-16 00:00:00',1),(2615,'2025-05-16 00:00:00',1),(2616,'2025-05-16 00:00:00',1),(2617,'2025-05-16 00:00:00',1),(2618,'2025-05-16 00:00:00',1),(2619,'2025-05-16 00:00:00',1),(2620,'2025-05-16 00:00:00',1),(2621,'2025-05-16 00:00:00',1),(2622,'2025-05-16 00:00:00',1),(2623,'2025-05-16 00:00:00',1),(2624,'2025-05-16 00:00:00',1),(2625,'2025-05-16 00:00:00',1),(2626,'2025-05-16 00:00:00',1),(2627,'2025-05-16 00:00:00',1),(2628,'2025-05-16 00:00:00',1),(2629,'2025-05-16 00:00:00',1),(2630,'2025-05-16 00:00:00',1),(2631,'2025-05-16 00:00:00',1),(2632,'2025-05-16 00:00:00',1),(2633,'2025-05-16 00:00:00',1),(2634,'2025-05-16 00:00:00',1),(2635,'2025-05-16 00:00:00',1),(2636,'2025-05-16 00:00:00',1),(2637,'2025-05-16 00:00:00',1),(2638,'2025-05-16 00:00:00',1),(2639,'2025-05-16 00:00:00',1),(2640,'2025-05-16 00:00:00',1),(2641,'2025-05-16 00:00:00',1),(2642,'2025-05-16 00:00:00',1),(2643,'2025-05-16 00:00:00',1),(2644,'2025-05-16 00:00:00',1),(2645,'2025-05-16 00:00:00',1),(2646,'2025-05-16 00:00:00',1),(2647,'2025-05-16 00:00:00',1),(2648,'2025-05-16 00:00:00',1),(2649,'2025-05-16 00:00:00',1),(2650,'2025-05-16 00:00:00',1),(2651,'2025-05-16 00:00:00',1),(2652,'2025-05-16 00:00:00',1),(2653,'2025-05-16 00:00:00',1),(2654,'2025-05-16 00:00:00',1),(2655,'2025-05-16 00:00:00',1),(2656,'2025-05-16 00:00:00',1),(2657,'2025-05-16 00:00:00',1),(2658,'2025-05-16 00:00:00',1),(2659,'2025-05-16 00:00:00',1),(2660,'2025-05-16 00:00:00',1),(2661,'2025-05-16 00:00:00',1),(2662,'2025-05-16 00:00:00',1),(2663,'2025-05-16 00:00:00',1),(2664,'2025-05-16 00:00:00',1),(2665,'2025-05-16 00:00:00',1),(2666,'2025-05-16 00:00:00',1),(2667,'2025-05-16 00:00:00',1),(2668,'2025-05-16 00:00:00',1),(2669,'2025-05-16 00:00:00',1),(2670,'2025-05-16 00:00:00',1),(2671,'2025-05-16 00:00:00',1),(2672,'2025-05-16 00:00:00',1),(2673,'2025-05-16 00:00:00',1),(2674,'2025-05-16 00:00:00',1),(2675,'2025-05-16 00:00:00',1),(2676,'2025-05-16 00:00:00',1),(2677,'2025-05-16 00:00:00',1),(2678,'2025-05-16 00:00:00',1),(2679,'2025-05-16 00:00:00',1),(2680,'2025-05-16 00:00:00',1),(2681,'2025-05-16 00:00:00',1),(2682,'2025-05-16 00:00:00',1),(2683,'2025-05-16 00:00:00',1),(2684,'2025-05-16 00:00:00',1),(2685,'2025-05-16 00:00:00',1),(2686,'2025-05-16 00:00:00',1),(2687,'2025-05-16 00:00:00',1),(2688,'2025-05-16 00:00:00',1),(2689,'2025-05-16 00:00:00',1),(2690,'2025-05-16 00:00:00',1),(2691,'2025-05-16 00:00:00',1),(2692,'2025-05-16 00:00:00',1),(2693,'2025-05-16 00:00:00',1),(2694,'2025-05-16 00:00:00',1),(2695,'2025-05-16 00:00:00',1),(2696,'2025-05-16 00:00:00',1),(2697,'2025-05-16 00:00:00',1),(2698,'2025-05-16 00:00:00',1),(2699,'2025-05-16 00:00:00',1),(2700,'2025-05-16 00:00:00',1),(2701,'2025-05-16 00:00:00',1),(2702,'2025-05-16 00:00:00',1),(2703,'2025-05-16 00:00:00',1),(2704,'2025-05-16 00:00:00',1),(2705,'2025-05-16 00:00:00',1),(2706,'2025-05-16 00:00:00',1),(2707,'2025-05-16 00:00:00',1),(2708,'2025-05-16 00:00:00',1),(2709,'2025-05-16 00:00:00',1),(2710,'2025-05-16 00:00:00',1),(2711,'2025-05-16 00:00:00',1),(2712,'2025-05-16 00:00:00',1),(2713,'2025-05-16 00:00:00',1),(2714,'2025-05-16 00:00:00',1),(2715,'2025-05-16 00:00:00',1),(2716,'2025-05-16 00:00:00',1),(2717,'2025-05-16 00:00:00',1),(2718,'2025-05-16 00:00:00',1),(2719,'2025-05-16 00:00:00',1),(2720,'2025-05-16 00:00:00',1),(2721,'2025-05-16 00:00:00',1),(2722,'2025-05-16 00:00:00',1),(2723,'2025-05-16 00:00:00',1),(2724,'2025-05-16 00:00:00',1),(2725,'2025-05-16 00:00:00',1),(2726,'2025-05-16 00:00:00',1),(2727,'2025-05-17 00:00:00',1),(2728,'2025-05-17 00:00:00',1),(2729,'2025-05-17 00:00:00',1),(2730,'2025-05-17 00:00:00',1),(2731,'2025-05-17 00:00:00',1),(2732,'2025-05-17 00:00:00',1),(2733,'2025-05-17 00:00:00',1),(2734,'2025-05-17 00:00:00',1),(2735,'2025-05-17 00:00:00',1),(2736,'2025-05-17 00:00:00',1),(2737,'2025-05-17 00:00:00',1),(2738,'2025-05-17 00:00:00',1),(2739,'2025-05-17 00:00:00',1),(2740,'2025-05-17 00:00:00',1),(2741,'2025-05-17 00:00:00',1),(2742,'2025-05-17 00:00:00',1),(2743,'2025-05-17 00:00:00',1),(2744,'2025-05-17 00:00:00',1),(2745,'2025-05-17 00:00:00',1),(2746,'2025-05-17 00:00:00',1),(2747,'2025-05-17 00:00:00',1),(2748,'2025-05-17 00:00:00',1),(2749,'2025-05-17 00:00:00',1),(2750,'2025-05-17 00:00:00',1),(2751,'2025-05-17 00:00:00',1),(2752,'2025-05-17 00:00:00',1),(2753,'2025-05-17 00:00:00',1),(2754,'2025-05-17 00:00:00',1),(2755,'2025-05-17 00:00:00',1),(2756,'2025-05-17 00:00:00',1),(2757,'2025-05-17 00:00:00',1),(2758,'2025-05-17 00:00:00',1),(2759,'2025-05-17 00:00:00',1),(2760,'2025-05-17 00:00:00',1),(2761,'2025-05-17 00:00:00',1),(2762,'2025-05-17 00:00:00',1),(2763,'2025-05-17 00:00:00',1),(2764,'2025-05-17 00:00:00',1),(2765,'2025-05-17 00:00:00',1),(2766,'2025-05-17 00:00:00',1),(2767,'2025-05-17 00:00:00',1),(2768,'2025-05-17 00:00:00',1),(2769,'2025-05-17 00:00:00',1),(2770,'2025-05-17 00:00:00',1),(2771,'2025-05-17 00:00:00',1),(2772,'2025-05-17 00:00:00',1),(2773,'2025-05-17 00:00:00',1),(2774,'2025-05-17 00:00:00',1),(2775,'2025-05-17 00:00:00',1),(2776,'2025-05-17 00:00:00',1),(2777,'2025-05-17 00:00:00',1),(2778,'2025-05-17 00:00:00',1),(2779,'2025-05-17 00:00:00',1),(2780,'2025-05-17 00:00:00',1),(2781,'2025-05-18 00:00:00',1),(2782,'2025-05-18 00:00:00',1),(2783,'2025-05-18 00:00:00',1),(2784,'2025-05-18 00:00:00',1),(2785,'2025-05-18 00:00:00',1),(2786,'2025-05-18 00:00:00',1),(2787,'2025-05-18 00:00:00',1),(2788,'2025-05-18 00:00:00',1),(2789,'2025-05-18 00:00:00',1),(2790,'2025-05-18 00:00:00',1),(2791,'2025-05-18 00:00:00',1),(2792,'2025-05-18 00:00:00',1),(2793,'2025-05-18 00:00:00',1),(2794,'2025-05-18 00:00:00',1),(2795,'2025-05-18 00:00:00',1),(2796,'2025-05-18 00:00:00',1),(2797,'2025-05-18 00:00:00',1),(2798,'2025-05-18 00:00:00',1),(2799,'2025-05-18 00:00:00',1),(2800,'2025-05-18 00:00:00',1),(2801,'2025-05-18 00:00:00',1),(2802,'2025-05-18 00:00:00',1),(2803,'2025-05-18 00:00:00',1),(2804,'2025-05-18 00:00:00',1),(2805,'2025-05-18 00:00:00',1),(2806,'2025-05-18 00:00:00',1),(2807,'2025-05-18 00:00:00',1),(2808,'2025-05-18 00:00:00',1),(2809,'2025-05-18 00:00:00',1),(2810,'2025-05-18 00:00:00',1),(2811,'2025-05-18 00:00:00',1),(2812,'2025-05-18 00:00:00',1),(2813,'2025-05-18 00:00:00',1),(2814,'2025-05-18 00:00:00',1),(2815,'2025-05-18 00:00:00',1),(2816,'2025-05-18 00:00:00',1),(2817,'2025-05-18 00:00:00',1),(2818,'2025-05-18 00:00:00',1),(2819,'2025-05-18 00:00:00',1),(2820,'2025-05-18 00:00:00',1),(2821,'2025-05-18 00:00:00',1),(2822,'2025-05-18 00:00:00',1),(2823,'2025-05-18 00:00:00',1),(2824,'2025-05-18 00:00:00',1),(2825,'2025-05-18 00:00:00',1),(2826,'2025-05-18 00:00:00',1),(2827,'2025-05-18 00:00:00',1),(2828,'2025-05-18 00:00:00',1),(2829,'2025-05-18 00:00:00',1),(2830,'2025-05-18 00:00:00',1),(2831,'2025-05-18 00:00:00',1),(2832,'2025-05-18 00:00:00',1),(2833,'2025-05-18 00:00:00',1),(2834,'2025-05-18 00:00:00',1),(2835,'2025-05-18 00:00:00',1),(2836,'2025-05-18 00:00:00',1),(2837,'2025-05-18 00:00:00',1),(2838,'2025-05-18 00:00:00',1),(2839,'2025-05-18 00:00:00',1),(2840,'2025-05-18 00:00:00',1),(2841,'2025-05-18 00:00:00',1),(2842,'2025-05-18 00:00:00',1),(2843,'2025-05-18 00:00:00',1),(2844,'2025-05-18 00:00:00',1),(2845,'2025-05-18 00:00:00',1),(2846,'2025-05-18 00:00:00',1),(2847,'2025-05-19 00:00:00',1),(2848,'2025-05-19 00:00:00',1),(2849,'2025-05-19 00:00:00',1),(2850,'2025-05-19 00:00:00',1),(2851,'2025-05-19 00:00:00',1),(2852,'2025-05-19 00:00:00',1),(2853,'2025-05-19 00:00:00',1),(2854,'2025-05-19 00:00:00',1),(2855,'2025-05-19 00:00:00',1),(2856,'2025-05-19 00:00:00',1),(2857,'2025-05-19 00:00:00',1),(2858,'2025-05-19 00:00:00',1),(2859,'2025-05-19 00:00:00',1),(2860,'2025-05-19 00:00:00',1),(2861,'2025-05-19 00:00:00',1),(2862,'2025-05-19 00:00:00',1),(2863,'2025-05-19 00:00:00',1),(2864,'2025-05-19 00:00:00',1),(2865,'2025-05-19 00:00:00',1),(2866,'2025-05-19 00:00:00',1),(2867,'2025-05-19 00:00:00',1),(2868,'2025-05-19 00:00:00',1),(2869,'2025-05-19 00:00:00',1),(2870,'2025-05-19 00:00:00',1),(2871,'2025-05-19 00:00:00',1),(2872,'2025-05-19 00:00:00',1),(2873,'2025-05-19 00:00:00',1),(2874,'2025-05-19 00:00:00',1),(2875,'2025-05-19 00:00:00',1),(2876,'2025-05-19 00:00:00',1),(2877,'2025-05-19 00:00:00',1),(2878,'2025-05-19 00:00:00',1),(2879,'2025-05-19 00:00:00',1),(2880,'2025-05-19 00:00:00',1),(2881,'2025-05-19 00:00:00',1),(2882,'2025-05-19 00:00:00',1),(2883,'2025-05-19 00:00:00',1),(2884,'2025-05-19 00:00:00',1),(2885,'2025-05-19 00:00:00',1),(2886,'2025-05-19 00:00:00',1),(2887,'2025-05-19 00:00:00',1),(2888,'2025-05-19 00:00:00',1),(2889,'2025-05-19 00:00:00',1),(2890,'2025-05-19 00:00:00',1),(2891,'2025-05-19 00:00:00',1),(2892,'2025-05-19 00:00:00',1),(2893,'2025-05-19 00:00:00',1),(2894,'2025-05-19 00:00:00',1),(2895,'2025-05-19 00:00:00',1),(2896,'2025-05-19 00:00:00',1),(2897,'2025-05-19 00:00:00',1),(2898,'2025-05-19 00:00:00',1),(2899,'2025-05-19 00:00:00',1),(2900,'2025-05-19 00:00:00',1),(2901,'2025-05-19 00:00:00',1),(2902,'2025-05-19 00:00:00',1),(2903,'2025-05-19 00:00:00',1),(2904,'2025-05-19 00:00:00',1),(2905,'2025-05-19 00:00:00',1),(2906,'2025-05-19 00:00:00',1),(2907,'2025-05-19 00:00:00',1),(2908,'2025-05-19 00:00:00',1),(2909,'2025-05-19 00:00:00',1),(2910,'2025-05-19 00:00:00',1),(2911,'2025-05-19 00:00:00',1),(2912,'2025-05-19 00:00:00',1),(2913,'2025-05-19 00:00:00',1),(2914,'2025-05-19 00:00:00',1),(2915,'2025-05-19 00:00:00',1),(2916,'2025-05-19 00:00:00',1),(2917,'2025-05-19 00:00:00',1),(2918,'2025-05-19 00:00:00',1),(2919,'2025-05-19 00:00:00',1),(2920,'2025-05-19 00:00:00',1),(2921,'2025-05-19 00:00:00',1),(2922,'2025-05-19 00:00:00',1),(2923,'2025-05-19 00:00:00',1),(2924,'2025-05-19 00:00:00',1),(2925,'2025-05-19 00:00:00',1),(2926,'2025-05-19 00:00:00',1),(2927,'2025-05-19 00:00:00',1),(2928,'2025-05-19 00:00:00',1),(2929,'2025-05-19 00:00:00',1),(2930,'2025-05-19 00:00:00',1),(2931,'2025-05-19 00:00:00',1),(2932,'2025-05-19 00:00:00',1),(2933,'2025-05-19 00:00:00',1),(2934,'2025-05-19 00:00:00',1),(2935,'2025-05-19 00:00:00',1),(2936,'2025-05-19 00:00:00',1),(2937,'2025-05-19 00:00:00',1),(2938,'2025-05-19 00:00:00',1),(2939,'2025-05-19 00:00:00',1),(2940,'2025-05-19 00:00:00',1),(2941,'2025-05-19 00:00:00',1),(2942,'2025-05-19 00:00:00',1),(2943,'2025-05-19 00:00:00',1),(2944,'2025-05-19 00:00:00',1),(2945,'2025-05-19 00:00:00',1),(2946,'2025-05-19 00:00:00',1),(2947,'2025-05-19 00:00:00',1),(2948,'2025-05-19 00:00:00',1),(2949,'2025-05-19 00:00:00',1),(2950,'2025-05-19 00:00:00',1),(2951,'2025-05-19 00:00:00',1),(2952,'2025-05-19 00:00:00',1),(2953,'2025-05-19 00:00:00',1),(2954,'2025-05-19 00:00:00',1),(2955,'2025-05-19 00:00:00',1),(2956,'2025-05-19 00:00:00',1),(2957,'2025-05-19 00:00:00',1),(2958,'2025-05-19 00:00:00',1),(2959,'2025-05-19 00:00:00',1),(2960,'2025-05-19 00:00:00',1),(2961,'2025-05-19 00:00:00',1),(2962,'2025-05-19 00:00:00',1),(2963,'2025-05-19 00:00:00',1),(2964,'2025-05-19 00:00:00',1),(2965,'2025-05-19 00:00:00',1),(2966,'2025-05-19 00:00:00',1),(2967,'2025-05-19 00:00:00',1),(2968,'2025-05-19 00:00:00',1),(2969,'2025-05-19 00:00:00',1),(2970,'2025-05-19 00:00:00',1),(2971,'2025-05-19 00:00:00',1),(2972,'2025-05-19 00:00:00',1),(2973,'2025-05-19 00:00:00',1),(2974,'2025-05-19 00:00:00',1),(2975,'2025-05-19 00:00:00',1),(2976,'2025-05-19 00:00:00',1),(2977,'2025-05-19 00:00:00',1),(2978,'2025-05-19 00:00:00',1),(2979,'2025-05-19 00:00:00',1),(2980,'2025-05-19 00:00:00',1),(2981,'2025-05-19 00:00:00',1),(2982,'2025-05-19 00:00:00',1),(2983,'2025-05-19 00:00:00',1),(2984,'2025-05-19 00:00:00',1),(2985,'2025-05-19 00:00:00',1),(2986,'2025-05-19 00:00:00',1),(2987,'2025-05-19 00:00:00',1),(2988,'2025-05-19 00:00:00',1),(2989,'2025-05-19 00:00:00',1),(2990,'2025-05-19 00:00:00',1),(2991,'2025-05-19 00:00:00',1),(2992,'2025-05-19 00:00:00',1),(2993,'2025-05-19 00:00:00',1),(2994,'2025-05-19 00:00:00',1),(2995,'2025-05-19 00:00:00',1),(2996,'2025-05-19 00:00:00',1),(2997,'2025-05-19 00:00:00',1),(2998,'2025-05-19 00:00:00',1),(2999,'2025-05-19 00:00:00',1),(3000,'2025-05-19 00:00:00',1),(3001,'2025-05-19 00:00:00',1),(3002,'2025-05-19 00:00:00',1),(3003,'2025-05-19 00:00:00',1),(3004,'2025-05-19 00:00:00',1),(3005,'2025-05-19 00:00:00',1),(3006,'2025-05-19 00:00:00',1),(3007,'2025-05-19 00:00:00',1),(3008,'2025-05-19 00:00:00',1),(3009,'2025-05-19 00:00:00',1),(3010,'2025-05-19 00:00:00',1),(3011,'2025-05-19 00:00:00',1),(3012,'2025-05-19 00:00:00',1),(3013,'2025-05-19 00:00:00',1),(3014,'2025-05-19 00:00:00',1),(3015,'2025-05-19 00:00:00',1),(3016,'2025-05-19 00:00:00',1),(3017,'2025-05-19 00:00:00',1),(3018,'2025-05-19 00:00:00',1),(3019,'2025-05-19 00:00:00',1),(3020,'2025-05-19 00:00:00',1),(3021,'2025-05-19 00:00:00',1),(3022,'2025-05-19 00:00:00',1),(3023,'2025-05-19 00:00:00',1),(3024,'2025-05-19 00:00:00',1),(3025,'2025-05-19 00:00:00',1),(3026,'2025-05-19 00:00:00',1),(3027,'2025-05-19 00:00:00',1),(3028,'2025-05-19 00:00:00',1),(3029,'2025-05-19 00:00:00',1),(3030,'2025-05-19 00:00:00',1),(3031,'2025-05-19 00:00:00',1),(3032,'2025-05-19 00:00:00',1),(3033,'2025-05-19 00:00:00',1),(3034,'2025-05-19 00:00:00',1),(3035,'2025-05-19 00:00:00',1),(3036,'2025-05-19 00:00:00',1),(3037,'2025-05-19 00:00:00',1),(3038,'2025-05-19 00:00:00',1),(3039,'2025-05-19 00:00:00',1),(3040,'2025-05-19 00:00:00',1),(3041,'2025-05-19 00:00:00',1),(3042,'2025-05-19 00:00:00',1),(3043,'2025-05-19 00:00:00',1),(3044,'2025-05-19 00:00:00',1),(3045,'2025-05-19 00:00:00',1),(3046,'2025-05-19 00:00:00',1),(3047,'2025-05-19 00:00:00',1),(3048,'2025-05-19 00:00:00',1),(3049,'2025-05-19 00:00:00',1),(3050,'2025-05-19 00:00:00',1),(3051,'2025-05-19 00:00:00',1),(3052,'2025-05-19 00:00:00',1),(3053,'2025-05-19 00:00:00',1),(3054,'2025-05-19 00:00:00',1),(3055,'2025-05-19 00:00:00',1),(3056,'2025-05-19 00:00:00',1),(3057,'2025-05-19 00:00:00',1),(3058,'2025-05-19 00:00:00',1),(3059,'2025-05-19 00:00:00',1),(3060,'2025-05-19 00:00:00',1),(3061,'2025-05-19 00:00:00',1),(3062,'2025-05-19 00:00:00',1),(3063,'2025-05-19 00:00:00',1),(3064,'2025-05-19 00:00:00',1),(3065,'2025-05-19 00:00:00',1),(3066,'2025-05-19 00:00:00',1),(3067,'2025-05-19 00:00:00',1),(3068,'2025-05-19 00:00:00',1),(3069,'2025-05-19 00:00:00',1),(3070,'2025-05-19 00:00:00',1),(3071,'2025-05-19 00:00:00',1),(3072,'2025-05-19 00:00:00',1),(3073,'2025-05-19 00:00:00',1),(3074,'2025-05-19 00:00:00',1),(3075,'2025-05-19 00:00:00',1),(3076,'2025-05-19 00:00:00',1),(3077,'2025-05-19 00:00:00',1),(3078,'2025-05-19 00:00:00',1),(3079,'2025-05-19 00:00:00',1),(3080,'2025-05-19 00:00:00',1),(3081,'2025-05-19 00:00:00',1),(3082,'2025-05-19 00:00:00',1),(3083,'2025-05-19 00:00:00',1),(3084,'2025-05-19 00:00:00',1),(3085,'2025-05-19 00:00:00',1),(3086,'2025-05-19 00:00:00',1),(3087,'2025-05-19 00:00:00',1),(3088,'2025-05-19 00:00:00',1),(3089,'2025-05-19 00:00:00',1),(3090,'2025-05-19 00:00:00',1),(3091,'2025-05-19 00:00:00',1),(3092,'2025-05-19 00:00:00',1),(3093,'2025-05-19 00:00:00',1),(3094,'2025-05-19 00:00:00',1),(3095,'2025-05-19 00:00:00',1),(3096,'2025-05-19 00:00:00',1),(3097,'2025-05-19 00:00:00',1),(3098,'2025-05-19 00:00:00',1),(3099,'2025-05-19 00:00:00',1),(3100,'2025-05-19 00:00:00',1),(3101,'2025-05-19 00:00:00',1),(3102,'2025-05-19 00:00:00',1),(3103,'2025-05-19 00:00:00',1),(3104,'2025-05-19 00:00:00',1),(3105,'2025-05-19 00:00:00',1),(3106,'2025-05-19 00:00:00',1),(3107,'2025-05-19 00:00:00',1),(3108,'2025-05-19 00:00:00',1),(3109,'2025-05-19 00:00:00',1),(3110,'2025-05-19 00:00:00',1),(3111,'2025-05-19 00:00:00',1),(3112,'2025-05-19 00:00:00',1),(3113,'2025-05-19 00:00:00',1),(3114,'2025-05-19 00:00:00',1),(3115,'2025-05-19 00:00:00',1),(3116,'2025-05-19 00:00:00',1),(3117,'2025-05-19 00:00:00',1),(3118,'2025-05-19 00:00:00',1),(3119,'2025-05-19 00:00:00',1),(3120,'2025-05-19 00:00:00',1),(3121,'2025-05-21 00:00:00',1),(3122,'2025-05-21 00:00:00',1),(3123,'2025-05-21 00:00:00',1),(3124,'2025-05-21 00:00:00',1),(3125,'2025-05-21 00:00:00',1),(3126,'2025-05-21 00:00:00',1),(3127,'2025-05-21 00:00:00',1),(3128,'2025-05-21 00:00:00',1),(3129,'2025-05-21 00:00:00',1),(3130,'2025-05-21 00:00:00',1),(3131,'2025-05-21 00:00:00',1),(3132,'2025-05-21 00:00:00',1),(3133,'2025-05-21 00:00:00',1),(3134,'2025-05-21 00:00:00',1),(3135,'2025-05-21 00:00:00',1),(3136,'2025-05-21 00:00:00',1),(3137,'2025-05-21 00:00:00',1),(3138,'2025-05-21 00:00:00',1),(3139,'2025-05-21 00:00:00',1),(3140,'2025-05-21 00:00:00',1),(3141,'2025-05-21 00:00:00',1),(3142,'2025-05-21 00:00:00',1),(3143,'2025-05-21 00:00:00',1),(3144,'2025-05-21 00:00:00',1),(3145,'2025-05-21 00:00:00',1),(3146,'2025-05-21 00:00:00',1),(3147,'2025-05-21 00:00:00',1),(3148,'2025-05-21 00:00:00',1),(3149,'2025-05-21 00:00:00',1),(3150,'2025-05-21 00:00:00',1),(3151,'2025-05-21 00:00:00',1),(3152,'2025-05-21 00:00:00',1),(3153,'2025-05-21 00:00:00',1),(3154,'2025-05-21 00:00:00',1),(3155,'2025-05-21 00:00:00',1),(3156,'2025-05-21 00:00:00',1),(3157,'2025-05-21 00:00:00',1),(3158,'2025-05-21 00:00:00',1),(3159,'2025-05-21 00:00:00',1),(3160,'2025-05-21 00:00:00',1),(3161,'2025-05-21 00:00:00',1),(3162,'2025-05-21 00:00:00',1),(3163,'2025-05-21 00:00:00',1),(3164,'2025-05-21 00:00:00',1),(3165,'2025-05-21 00:00:00',1),(3166,'2025-05-21 00:00:00',1),(3167,'2025-05-21 00:00:00',1),(3168,'2025-05-21 00:00:00',1),(3169,'2025-05-21 00:00:00',1),(3170,'2025-05-21 00:00:00',1),(3171,'2025-05-21 00:00:00',1),(3172,'2025-05-21 00:00:00',1),(3173,'2025-05-21 00:00:00',1),(3174,'2025-05-21 00:00:00',1),(3175,'2025-05-21 00:00:00',1),(3176,'2025-05-21 00:00:00',1),(3177,'2025-05-21 00:00:00',1),(3178,'2025-05-21 00:00:00',1),(3179,'2025-05-21 00:00:00',1),(3180,'2025-05-21 00:00:00',1),(3181,'2025-05-22 00:00:00',1),(3182,'2025-05-22 00:00:00',1),(3183,'2025-05-22 00:00:00',1),(3184,'2025-05-22 00:00:00',1),(3185,'2025-05-22 00:00:00',1),(3186,'2025-05-22 00:00:00',1),(3187,'2025-05-22 00:00:00',1),(3188,'2025-05-22 00:00:00',1),(3189,'2025-05-22 00:00:00',1),(3190,'2025-05-22 00:00:00',1),(3191,'2025-05-22 00:00:00',1),(3192,'2025-05-22 00:00:00',1),(3193,'2025-05-22 00:00:00',1),(3194,'2025-05-22 00:00:00',1),(3195,'2025-05-23 00:00:00',1),(3196,'2025-05-23 00:00:00',1),(3197,'2025-05-23 00:00:00',1),(3198,'2025-05-23 00:00:00',1),(3199,'2025-05-23 00:00:00',1),(3200,'2025-05-23 00:00:00',1),(3201,'2025-05-23 00:00:00',1),(3202,'2025-05-23 00:00:00',1),(3203,'2025-05-23 00:00:00',1),(3204,'2025-05-23 00:00:00',1),(3205,'2025-05-23 00:00:00',1),(3206,'2025-05-23 00:00:00',1),(3207,'2025-05-23 00:00:00',1),(3208,'2025-05-23 00:00:00',1),(3209,'2025-05-23 00:00:00',1),(3210,'2025-05-23 00:00:00',1),(3211,'2025-05-23 00:00:00',1),(3212,'2025-05-23 00:00:00',1),(3213,'2025-05-23 00:00:00',1),(3214,'2025-05-23 00:00:00',1),(3215,'2025-05-23 00:00:00',1),(3216,'2025-05-23 00:00:00',1),(3217,'2025-05-23 00:00:00',1),(3218,'2025-05-23 00:00:00',1),(3219,'2025-05-23 00:00:00',1),(3220,'2025-05-23 00:00:00',1),(3221,'2025-05-23 00:00:00',1),(3222,'2025-05-23 00:00:00',1),(3223,'2025-05-23 00:00:00',1),(3224,'2025-05-23 00:00:00',1),(3225,'2025-05-23 00:00:00',1),(3226,'2025-05-23 00:00:00',1),(3227,'2025-05-23 00:00:00',1),(3228,'2025-05-23 00:00:00',1),(3229,'2025-05-23 00:00:00',1),(3230,'2025-05-23 00:00:00',1),(3231,'2025-05-23 00:00:00',1),(3232,'2025-05-23 00:00:00',1),(3233,'2025-05-23 00:00:00',1),(3234,'2025-05-23 00:00:00',1),(3235,'2025-05-23 00:00:00',1),(3236,'2025-05-23 00:00:00',1),(3237,'2025-05-23 00:00:00',1),(3238,'2025-05-23 00:00:00',1),(3239,'2025-05-23 00:00:00',1),(3240,'2025-05-23 00:00:00',1),(3241,'2025-05-24 00:00:00',1),(3242,'2025-05-24 00:00:00',1),(3243,'2025-05-24 00:00:00',1),(3244,'2025-05-24 00:00:00',1),(3245,'2025-05-24 00:00:00',1),(3246,'2025-05-24 00:00:00',1),(3247,'2025-05-24 00:00:00',1),(3248,'2025-05-24 00:00:00',1),(3249,'2025-05-24 00:00:00',1),(3250,'2025-05-24 00:00:00',1),(3251,'2025-05-24 00:00:00',1),(3252,'2025-05-24 00:00:00',1),(3253,'2025-05-24 00:00:00',1),(3254,'2025-05-24 00:00:00',1),(3255,'2025-05-24 00:00:00',1),(3256,'2025-05-24 00:00:00',1),(3257,'2025-05-24 00:00:00',1),(3258,'2025-05-24 00:00:00',1),(3259,'2025-05-24 00:00:00',1),(3260,'2025-05-24 00:00:00',1),(3261,'2025-05-24 00:00:00',1),(3262,'2025-05-24 00:00:00',1),(3263,'2025-05-24 00:00:00',1),(3264,'2025-05-24 00:00:00',1),(3265,'2025-05-24 00:00:00',1),(3266,'2025-05-24 00:00:00',1),(3267,'2025-05-24 00:00:00',1),(3268,'2025-05-24 00:00:00',1),(3269,'2025-05-24 00:00:00',1),(3270,'2025-05-24 00:00:00',1),(3271,'2025-05-24 00:00:00',1),(3272,'2025-05-24 00:00:00',1),(3273,'2025-05-24 00:00:00',1),(3274,'2025-05-24 00:00:00',1),(3275,'2025-05-24 00:00:00',1),(3276,'2025-05-24 00:00:00',1),(3277,'2025-05-24 00:00:00',1),(3278,'2025-05-24 00:00:00',1),(3279,'2025-05-24 00:00:00',1),(3280,'2025-05-24 00:00:00',1),(3281,'2025-05-24 00:00:00',1),(3282,'2025-05-24 00:00:00',1),(3283,'2025-05-24 00:00:00',1),(3284,'2025-05-24 00:00:00',1),(3285,'2025-05-24 00:00:00',1),(3286,'2025-05-24 00:00:00',1),(3287,'2025-05-24 00:00:00',1),(3288,'2025-05-24 00:00:00',1),(3289,'2025-05-24 00:00:00',1),(3290,'2025-05-24 00:00:00',1),(3291,'2025-05-24 00:00:00',1),(3292,'2025-05-24 00:00:00',1),(3293,'2025-05-24 00:00:00',1),(3294,'2025-05-24 00:00:00',1),(3295,'2025-05-24 00:00:00',1),(3296,'2025-05-24 00:00:00',1),(3297,'2025-05-24 00:00:00',1),(3298,'2025-05-24 00:00:00',1),(3299,'2025-05-24 00:00:00',1),(3300,'2025-05-24 00:00:00',1),(3301,'2025-05-24 00:00:00',1),(3302,'2025-05-24 00:00:00',1),(3303,'2025-05-24 00:00:00',1),(3304,'2025-05-24 00:00:00',1),(3305,'2025-05-24 00:00:00',1),(3306,'2025-05-24 00:00:00',1),(3307,'2025-05-24 00:00:00',1),(3308,'2025-05-24 00:00:00',1),(3309,'2025-05-24 00:00:00',1),(3310,'2025-05-24 00:00:00',1),(3311,'2025-05-24 00:00:00',1),(3312,'2025-05-24 00:00:00',1),(3313,'2025-05-24 00:00:00',1),(3314,'2025-05-24 00:00:00',1),(3315,'2025-05-24 00:00:00',1),(3316,'2025-05-24 00:00:00',1),(3317,'2025-05-24 00:00:00',1),(3318,'2025-05-24 00:00:00',1),(3319,'2025-05-24 00:00:00',1),(3320,'2025-05-24 00:00:00',1),(3321,'2025-05-24 00:00:00',1),(3322,'2025-05-24 00:00:00',1),(3323,'2025-05-24 00:00:00',1),(3324,'2025-05-24 00:00:00',1),(3325,'2025-05-24 00:00:00',1),(3326,'2025-05-24 00:00:00',1),(3327,'2025-05-24 00:00:00',1),(3328,'2025-05-24 00:00:00',1),(3329,'2025-05-24 00:00:00',1),(3330,'2025-05-24 00:00:00',1),(3331,'2025-05-24 00:00:00',1),(3332,'2025-05-24 00:00:00',1),(3333,'2025-05-24 00:00:00',1),(3334,'2025-05-24 00:00:00',1),(3335,'2025-05-24 00:00:00',1),(3336,'2025-05-24 00:00:00',1),(3337,'2025-05-24 00:00:00',1),(3338,'2025-05-24 00:00:00',1),(3339,'2025-05-24 00:00:00',1),(3340,'2025-05-24 00:00:00',1),(3341,'2025-05-24 00:00:00',1),(3342,'2025-05-24 00:00:00',1),(3343,'2025-05-24 00:00:00',1),(3344,'2025-05-24 00:00:00',1),(3345,'2025-05-24 00:00:00',1),(3346,'2025-05-24 00:00:00',1),(3347,'2025-05-24 00:00:00',1),(3348,'2025-05-24 00:00:00',1),(3349,'2025-05-24 00:00:00',1),(3350,'2025-05-24 00:00:00',1),(3351,'2025-05-24 00:00:00',1),(3352,'2025-05-24 00:00:00',1),(3353,'2025-05-24 00:00:00',1),(3354,'2025-05-24 00:00:00',1),(3355,'2025-05-24 00:00:00',1),(3356,'2025-05-24 00:00:00',1),(3357,'2025-05-24 00:00:00',1),(3358,'2025-05-24 00:00:00',1),(3359,'2025-05-24 00:00:00',1),(3360,'2025-05-24 00:00:00',1),(3361,'2025-05-24 00:00:00',1),(3362,'2025-05-24 00:00:00',1),(3363,'2025-05-24 00:00:00',1),(3364,'2025-05-24 00:00:00',1),(3365,'2025-05-24 00:00:00',1),(3366,'2025-05-24 00:00:00',1),(3367,'2025-05-24 00:00:00',1),(3368,'2025-05-24 00:00:00',1),(3369,'2025-05-24 00:00:00',1),(3370,'2025-05-24 00:00:00',1),(3371,'2025-05-24 00:00:00',1),(3372,'2025-05-24 00:00:00',1),(3373,'2025-05-24 00:00:00',1),(3374,'2025-05-24 00:00:00',1),(3375,'2025-05-24 00:00:00',1),(3376,'2025-05-24 00:00:00',1),(3377,'2025-05-24 00:00:00',1),(3378,'2025-05-24 00:00:00',1),(3379,'2025-05-24 00:00:00',1),(3380,'2025-05-24 00:00:00',1),(3381,'2025-05-24 00:00:00',1),(3382,'2025-05-24 00:00:00',1),(3383,'2025-05-24 00:00:00',1),(3384,'2025-05-24 00:00:00',1),(3385,'2025-05-24 00:00:00',1),(3386,'2025-05-24 00:00:00',1),(3387,'2025-05-24 00:00:00',1),(3388,'2025-05-24 00:00:00',1),(3389,'2025-05-24 00:00:00',1),(3390,'2025-05-24 00:00:00',1),(3391,'2025-05-24 00:00:00',1),(3392,'2025-05-24 00:00:00',1),(3393,'2025-05-24 00:00:00',1),(3394,'2025-05-24 00:00:00',1),(3395,'2025-05-24 00:00:00',1),(3396,'2025-05-24 00:00:00',1),(3397,'2025-05-24 00:00:00',1),(3398,'2025-05-24 00:00:00',1),(3399,'2025-05-24 00:00:00',1),(3400,'2025-05-24 00:00:00',1),(3401,'2025-05-24 00:00:00',1),(3402,'2025-05-24 00:00:00',1),(3403,'2025-05-24 00:00:00',1),(3404,'2025-05-24 00:00:00',1),(3405,'2025-05-24 00:00:00',1),(3406,'2025-05-24 00:00:00',1),(3407,'2025-05-24 00:00:00',1),(3408,'2025-05-24 00:00:00',1),(3409,'2025-05-24 00:00:00',1),(3410,'2025-05-24 00:00:00',1),(3411,'2025-05-24 00:00:00',1),(3412,'2025-05-24 00:00:00',1),(3413,'2025-05-24 00:00:00',1),(3414,'2025-05-24 00:00:00',1),(3415,'2025-05-24 00:00:00',1),(3416,'2025-05-24 00:00:00',1),(3417,'2025-05-24 00:00:00',1),(3418,'2025-05-24 00:00:00',1),(3419,'2025-05-24 00:00:00',1),(3420,'2025-05-24 00:00:00',1),(3421,'2025-05-24 00:00:00',1),(3422,'2025-05-24 00:00:00',1),(3423,'2025-05-24 00:00:00',1),(3424,'2025-05-24 00:00:00',1),(3425,'2025-05-24 00:00:00',1),(3426,'2025-05-24 00:00:00',1),(3427,'2025-05-24 00:00:00',1),(3428,'2025-05-24 00:00:00',1),(3429,'2025-05-24 00:00:00',1),(3430,'2025-05-24 00:00:00',1),(3431,'2025-05-24 00:00:00',1),(3432,'2025-05-24 00:00:00',1),(3433,'2025-05-24 00:00:00',1),(3434,'2025-05-24 00:00:00',1),(3435,'2025-05-24 00:00:00',1),(3436,'2025-05-24 00:00:00',1),(3437,'2025-05-24 00:00:00',1),(3438,'2025-05-24 00:00:00',1),(3439,'2025-05-24 00:00:00',1),(3440,'2025-05-24 00:00:00',1),(3441,'2025-05-24 00:00:00',1),(3442,'2025-05-24 00:00:00',1),(3443,'2025-05-24 00:00:00',1),(3444,'2025-05-24 00:00:00',1),(3445,'2025-05-24 00:00:00',1),(3446,'2025-05-24 00:00:00',1),(3447,'2025-05-24 00:00:00',1),(3448,'2025-05-24 00:00:00',1),(3449,'2025-05-24 00:00:00',1),(3450,'2025-05-24 00:00:00',1),(3451,'2025-05-24 00:00:00',1),(3452,'2025-05-24 00:00:00',1),(3453,'2025-05-24 00:00:00',1),(3454,'2025-05-24 00:00:00',1),(3455,'2025-05-24 00:00:00',1),(3456,'2025-05-24 00:00:00',1),(3457,'2025-05-24 00:00:00',1),(3458,'2025-05-24 00:00:00',1),(3459,'2025-05-24 00:00:00',1),(3460,'2025-05-24 00:00:00',1),(3461,'2025-05-24 00:00:00',1),(3462,'2025-05-24 00:00:00',1),(3463,'2025-05-24 00:00:00',1),(3464,'2025-05-24 00:00:00',1),(3465,'2025-05-25 00:00:00',1),(3466,'2025-05-25 00:00:00',1),(3467,'2025-05-25 00:00:00',1),(3468,'2025-05-25 00:00:00',1),(3469,'2025-05-25 00:00:00',1),(3470,'2025-05-25 00:00:00',1),(3471,'2025-05-25 00:00:00',1),(3472,'2025-05-25 00:00:00',1),(3473,'2025-05-25 00:00:00',1),(3474,'2025-05-25 00:00:00',1),(3475,'2025-05-25 00:00:00',1),(3476,'2025-05-25 00:00:00',1),(3477,'2025-05-25 00:00:00',1),(3478,'2025-05-25 00:00:00',1),(3479,'2025-05-25 00:00:00',1),(3480,'2025-05-25 00:00:00',1),(3481,'2025-05-25 00:00:00',1),(3482,'2025-05-25 00:00:00',1),(3483,'2025-05-25 00:00:00',1),(3484,'2025-05-25 00:00:00',1),(3485,'2025-05-25 00:00:00',1),(3486,'2025-05-25 00:00:00',1),(3487,'2025-05-25 00:00:00',1),(3488,'2025-05-25 00:00:00',1),(3489,'2025-05-25 00:00:00',1),(3490,'2025-05-25 00:00:00',1),(3491,'2025-05-25 00:00:00',1),(3492,'2025-05-25 00:00:00',1),(3493,'2025-05-25 00:00:00',1),(3494,'2025-05-25 00:00:00',1),(3495,'2025-05-25 00:00:00',1),(3496,'2025-05-25 00:00:00',1),(3497,'2025-05-25 00:00:00',1),(3498,'2025-05-25 00:00:00',1),(3499,'2025-05-25 00:00:00',1),(3500,'2025-05-25 00:00:00',1),(3501,'2025-05-25 00:00:00',1),(3502,'2025-05-25 00:00:00',1),(3503,'2025-05-25 00:00:00',1),(3504,'2025-05-25 00:00:00',1),(3505,'2025-05-25 00:00:00',1),(3506,'2025-05-25 00:00:00',1),(3507,'2025-05-25 00:00:00',1),(3508,'2025-05-25 00:00:00',1),(3509,'2025-05-25 00:00:00',1),(3510,'2025-05-26 00:00:00',1),(3511,'2025-05-26 00:00:00',1),(3512,'2025-05-26 00:00:00',1),(3513,'2025-05-26 00:00:00',1),(3514,'2025-05-26 00:00:00',1),(3515,'2025-05-26 00:00:00',1),(3516,'2025-05-26 00:00:00',1),(3517,'2025-05-26 00:00:00',1),(3518,'2025-05-26 00:00:00',1),(3519,'2025-05-26 00:00:00',1),(3520,'2025-05-26 00:00:00',1),(3521,'2025-05-26 00:00:00',1),(3522,'2025-05-26 00:00:00',1),(3523,'2025-05-26 00:00:00',1),(3524,'2025-05-26 00:00:00',1),(3525,'2025-05-26 00:00:00',1),(3526,'2025-05-26 00:00:00',1),(3527,'2025-05-26 00:00:00',1),(3528,'2025-05-26 00:00:00',1),(3529,'2025-05-26 00:00:00',1),(3530,'2025-05-26 00:00:00',1),(3531,'2025-05-26 00:00:00',1),(3532,'2025-05-26 00:00:00',1),(3533,'2025-05-26 00:00:00',1),(3534,'2025-05-26 00:00:00',1),(3535,'2025-05-26 00:00:00',1),(3536,'2025-05-26 00:00:00',1),(3537,'2025-05-26 00:00:00',1),(3538,'2025-05-26 00:00:00',1),(3539,'2025-05-26 00:00:00',1),(3540,'2025-05-26 00:00:00',1),(3541,'2025-05-26 00:00:00',1),(3542,'2025-05-26 00:00:00',1),(3543,'2025-05-26 00:00:00',1),(3544,'2025-05-26 00:00:00',1),(3545,'2025-05-26 00:00:00',1),(3546,'2025-05-26 00:00:00',1),(3547,'2025-05-26 00:00:00',1),(3548,'2025-05-26 00:00:00',1),(3549,'2025-05-26 00:00:00',1),(3550,'2025-05-26 00:00:00',1),(3551,'2025-05-26 00:00:00',1),(3552,'2025-05-26 00:00:00',1),(3553,'2025-05-26 00:00:00',1),(3554,'2025-05-26 00:00:00',1),(3555,'2025-05-26 00:00:00',1),(3556,'2025-05-26 00:00:00',1),(3557,'2025-05-26 00:00:00',1),(3558,'2025-05-26 00:00:00',1),(3559,'2025-05-26 00:00:00',1),(3560,'2025-05-26 00:00:00',1),(3561,'2025-05-26 00:00:00',1),(3562,'2025-05-26 00:00:00',1),(3563,'2025-05-26 00:00:00',1),(3564,'2025-05-26 00:00:00',1),(3565,'2025-05-26 00:00:00',1),(3566,'2025-05-26 00:00:00',1),(3567,'2025-05-26 00:00:00',1),(3568,'2025-05-26 00:00:00',1),(3569,'2025-05-26 00:00:00',1),(3570,'2025-05-26 00:00:00',1),(3571,'2025-05-26 00:00:00',1),(3572,'2025-05-26 00:00:00',1),(3573,'2025-05-26 00:00:00',1),(3574,'2025-05-26 00:00:00',1),(3575,'2025-05-26 00:00:00',1),(3576,'2025-05-26 00:00:00',1),(3577,'2025-05-26 00:00:00',1),(3578,'2025-05-26 00:00:00',1),(3579,'2025-05-26 00:00:00',1),(3580,'2025-05-26 00:00:00',1),(3581,'2025-05-26 00:00:00',1),(3582,'2025-05-26 00:00:00',1),(3583,'2025-05-26 00:00:00',1),(3584,'2025-05-26 00:00:00',1),(3585,'2025-05-26 00:00:00',1),(3586,'2025-05-26 00:00:00',1),(3587,'2025-05-26 00:00:00',1),(3588,'2025-05-26 00:00:00',1),(3589,'2025-05-26 00:00:00',1),(3590,'2025-05-26 00:00:00',1),(3591,'2025-05-26 00:00:00',1),(3592,'2025-05-26 00:00:00',1),(3593,'2025-05-26 00:00:00',1),(3594,'2025-05-26 00:00:00',1),(3595,'2025-05-26 00:00:00',1),(3596,'2025-05-26 00:00:00',1),(3597,'2025-05-26 00:00:00',1),(3598,'2025-05-26 00:00:00',1),(3599,'2025-05-26 00:00:00',1),(3600,'2025-05-26 00:00:00',1),(3601,'2025-05-26 00:00:00',1),(3602,'2025-05-26 00:00:00',1),(3603,'2025-05-26 00:00:00',1),(3604,'2025-05-26 00:00:00',1),(3605,'2025-05-26 00:00:00',1),(3606,'2025-05-26 00:00:00',1),(3607,'2025-05-26 00:00:00',1),(3608,'2025-05-26 00:00:00',1),(3609,'2025-05-26 00:00:00',1),(3610,'2025-05-26 00:00:00',1),(3611,'2025-05-26 00:00:00',1),(3612,'2025-05-26 00:00:00',1),(3613,'2025-05-26 00:00:00',1),(3614,'2025-05-26 00:00:00',1),(3615,'2025-05-26 00:00:00',1),(3616,'2025-05-26 00:00:00',1),(3617,'2025-05-26 00:00:00',1),(3618,'2025-05-26 00:00:00',1),(3619,'2025-05-26 00:00:00',1),(3620,'2025-05-26 00:00:00',1),(3621,'2025-05-26 00:00:00',1),(3622,'2025-05-26 00:00:00',1),(3623,'2025-05-26 00:00:00',1),(3624,'2025-05-26 00:00:00',1),(3625,'2025-05-26 00:00:00',1),(3626,'2025-05-26 00:00:00',1),(3627,'2025-05-26 00:00:00',1),(3628,'2025-05-26 00:00:00',1),(3629,'2025-05-26 00:00:00',1),(3630,'2025-05-26 00:00:00',1),(3631,'2025-05-26 00:00:00',1),(3632,'2025-05-26 00:00:00',1),(3633,'2025-05-26 00:00:00',1),(3634,'2025-05-26 00:00:00',1),(3635,'2025-05-26 00:00:00',1),(3636,'2025-05-26 00:00:00',1),(3637,'2025-05-26 00:00:00',1),(3638,'2025-05-26 00:00:00',1),(3639,'2025-05-26 00:00:00',1),(3640,'2025-05-26 00:00:00',1),(3641,'2025-05-26 00:00:00',1),(3642,'2025-05-26 00:00:00',1),(3643,'2025-05-26 00:00:00',1),(3644,'2025-05-26 00:00:00',1),(3645,'2025-05-26 00:00:00',1),(3646,'2025-05-26 00:00:00',1),(3647,'2025-05-26 00:00:00',1),(3648,'2025-05-26 00:00:00',1),(3649,'2025-05-26 00:00:00',1),(3650,'2025-05-26 00:00:00',1),(3651,'2025-05-26 00:00:00',1),(3652,'2025-05-26 00:00:00',1),(3653,'2025-05-26 00:00:00',1),(3654,'2025-05-26 00:00:00',1),(3655,'2025-05-26 00:00:00',1),(3656,'2025-05-26 00:00:00',1),(3657,'2025-05-26 00:00:00',1),(3658,'2025-05-26 00:00:00',1),(3659,'2025-05-26 00:00:00',1),(3660,'2025-05-26 00:00:00',1),(3661,'2025-05-26 00:00:00',1),(3662,'2025-05-26 00:00:00',1),(3663,'2025-05-26 00:00:00',1),(3664,'2025-05-26 00:00:00',1),(3665,'2025-05-26 00:00:00',1),(3666,'2025-05-26 00:00:00',1),(3667,'2025-05-26 00:00:00',1),(3668,'2025-05-26 00:00:00',1),(3669,'2025-05-26 00:00:00',1),(3670,'2025-05-26 00:00:00',1),(3671,'2025-05-26 00:00:00',1),(3672,'2025-05-26 00:00:00',1),(3673,'2025-05-26 00:00:00',1),(3674,'2025-05-26 00:00:00',1),(3675,'2025-05-26 00:00:00',1),(3676,'2025-05-26 00:00:00',1),(3677,'2025-05-26 00:00:00',1),(3678,'2025-05-26 00:00:00',1),(3679,'2025-05-26 00:00:00',1),(3680,'2025-05-26 00:00:00',1),(3681,'2025-05-26 00:00:00',1),(3682,'2025-05-26 00:00:00',1),(3683,'2025-05-26 00:00:00',1),(3684,'2025-05-26 00:00:00',1),(3685,'2025-05-26 00:00:00',1),(3686,'2025-05-26 00:00:00',1),(3687,'2025-05-26 00:00:00',1),(3688,'2025-05-26 00:00:00',1),(3689,'2025-05-26 00:00:00',1),(3690,'2025-05-26 00:00:00',1),(3691,'2025-05-26 00:00:00',1),(3692,'2025-05-26 00:00:00',1),(3693,'2025-05-26 00:00:00',1),(3694,'2025-05-26 00:00:00',1),(3695,'2025-05-26 00:00:00',1),(3696,'2025-05-26 00:00:00',1),(3697,'2025-05-26 00:00:00',1),(3698,'2025-05-26 00:00:00',1),(3699,'2025-05-26 00:00:00',1),(3700,'2025-05-26 00:00:00',1),(3701,'2025-05-26 00:00:00',1),(3702,'2025-05-26 00:00:00',1),(3703,'2025-05-26 00:00:00',1),(3704,'2025-05-26 00:00:00',1),(3705,'2025-05-26 00:00:00',1),(3706,'2025-05-26 00:00:00',1),(3707,'2025-05-26 00:00:00',1),(3708,'2025-05-26 00:00:00',1),(3709,'2025-05-26 00:00:00',1),(3710,'2025-05-26 00:00:00',1),(3711,'2025-05-26 00:00:00',1),(3712,'2025-05-26 00:00:00',1),(3713,'2025-05-26 00:00:00',1),(3714,'2025-05-26 00:00:00',1),(3715,'2025-05-26 00:00:00',1),(3716,'2025-05-26 00:00:00',1),(3717,'2025-05-26 00:00:00',1),(3718,'2025-05-26 00:00:00',1),(3719,'2025-05-26 00:00:00',1),(3720,'2025-05-26 00:00:00',1),(3721,'2025-05-26 00:00:00',1),(3722,'2025-05-26 00:00:00',1),(3723,'2025-05-26 00:00:00',1),(3724,'2025-05-26 00:00:00',1),(3725,'2025-05-26 00:00:00',1),(3726,'2025-05-26 00:00:00',1),(3727,'2025-05-26 00:00:00',1),(3728,'2025-05-26 00:00:00',1),(3729,'2025-05-26 00:00:00',1),(3730,'2025-05-26 00:00:00',1),(3731,'2025-05-26 00:00:00',1),(3732,'2025-05-26 00:00:00',1),(3733,'2025-05-26 00:00:00',1),(3734,'2025-05-26 00:00:00',1),(3735,'2025-05-26 00:00:00',1),(3736,'2025-05-26 00:00:00',1),(3737,'2025-05-26 00:00:00',1),(3738,'2025-05-26 00:00:00',1),(3739,'2025-05-26 00:00:00',1),(3740,'2025-05-26 00:00:00',1),(3741,'2025-05-26 00:00:00',1),(3742,'2025-05-26 00:00:00',1),(3743,'2025-05-26 00:00:00',1),(3744,'2025-05-26 00:00:00',1),(3745,'2025-05-26 00:00:00',1),(3746,'2025-05-26 00:00:00',1),(3747,'2025-05-26 00:00:00',1),(3748,'2025-05-26 00:00:00',1),(3749,'2025-05-26 00:00:00',1),(3750,'2025-05-28 00:00:00',1),(3751,'2025-05-28 00:00:00',1),(3752,'2025-05-28 00:00:00',1),(3753,'2025-05-28 00:00:00',1),(3754,'2025-05-28 00:00:00',1),(3755,'2025-05-28 00:00:00',1),(3756,'2025-05-28 00:00:00',1),(3757,'2025-05-28 00:00:00',1),(3758,'2025-05-28 00:00:00',1),(3759,'2025-05-28 00:00:00',1),(3760,'2025-05-28 00:00:00',1),(3761,'2025-05-28 00:00:00',1),(3762,'2025-05-28 00:00:00',1),(3763,'2025-05-28 00:00:00',1),(3764,'2025-05-28 00:00:00',1),(3765,'2025-05-28 00:00:00',1),(3766,'2025-05-28 00:00:00',1),(3767,'2025-05-28 00:00:00',1),(3768,'2025-05-28 00:00:00',1),(3769,'2025-05-28 00:00:00',1),(3770,'2025-05-28 00:00:00',1),(3771,'2025-05-28 00:00:00',1),(3772,'2025-05-28 00:00:00',1),(3773,'2025-05-28 00:00:00',1),(3774,'2025-05-28 00:00:00',1),(3775,'2025-05-28 00:00:00',1),(3776,'2025-05-28 00:00:00',1),(3777,'2025-05-28 00:00:00',1),(3778,'2025-05-28 00:00:00',1),(3779,'2025-05-28 00:00:00',1),(3780,'2025-05-28 00:00:00',1),(3781,'2025-05-28 00:00:00',1),(3782,'2025-05-28 00:00:00',1),(3783,'2025-05-28 00:00:00',1),(3784,'2025-05-28 00:00:00',1),(3785,'2025-05-28 00:00:00',1),(3786,'2025-05-28 00:00:00',1),(3787,'2025-05-28 00:00:00',1),(3788,'2025-05-28 00:00:00',1),(3789,'2025-05-28 00:00:00',1),(3790,'2025-05-28 00:00:00',1),(3791,'2025-05-28 00:00:00',1),(3792,'2025-05-28 00:00:00',1),(3793,'2025-05-29 00:00:00',1),(3794,'2025-05-29 00:00:00',1),(3795,'2025-05-29 00:00:00',1),(3796,'2025-05-29 00:00:00',1),(3797,'2025-05-29 00:00:00',1),(3798,'2025-05-29 00:00:00',1),(3799,'2025-05-29 00:00:00',1),(3800,'2025-05-29 00:00:00',1),(3801,'2025-05-29 00:00:00',1),(3802,'2025-05-29 00:00:00',1),(3803,'2025-05-29 00:00:00',1),(3804,'2025-05-29 00:00:00',1),(3805,'2025-05-29 00:00:00',1),(3806,'2025-05-29 00:00:00',1),(3807,'2025-05-29 00:00:00',1),(3808,'2025-05-29 00:00:00',1),(3809,'2025-05-29 00:00:00',1),(3810,'2025-05-29 00:00:00',1),(3811,'2025-05-29 00:00:00',1),(3812,'2025-05-29 00:00:00',1),(3813,'2025-05-29 00:00:00',1),(3814,'2025-05-29 00:00:00',1),(3815,'2025-05-29 00:00:00',1),(3816,'2025-05-29 00:00:00',1),(3817,'2025-05-29 00:00:00',1),(3818,'2025-05-29 00:00:00',1),(3819,'2025-05-29 00:00:00',1),(3820,'2025-05-29 00:00:00',1),(3821,'2025-05-29 00:00:00',1),(3822,'2025-05-29 00:00:00',1),(3823,'2025-05-29 00:00:00',1),(3824,'2025-05-29 00:00:00',1),(3825,'2025-05-29 00:00:00',1),(3826,'2025-05-29 00:00:00',1),(3827,'2025-05-29 00:00:00',1),(3828,'2025-05-29 00:00:00',1),(3829,'2025-05-29 00:00:00',1),(3830,'2025-05-29 00:00:00',1),(3831,'2025-05-29 00:00:00',1),(3832,'2025-05-29 00:00:00',1),(3833,'2025-05-29 00:00:00',1),(3834,'2025-05-29 00:00:00',1),(3835,'2025-05-29 00:00:00',1),(3836,'2025-05-29 00:00:00',1),(3837,'2025-05-29 00:00:00',1),(3838,'2025-05-29 00:00:00',1),(3839,'2025-05-29 00:00:00',1),(3840,'2025-05-29 00:00:00',1),(3841,'2025-05-29 00:00:00',1),(3842,'2025-05-29 00:00:00',1),(3843,'2025-05-29 00:00:00',1),(3844,'2025-05-29 00:00:00',1),(3845,'2025-05-29 00:00:00',1),(3846,'2025-05-29 00:00:00',1),(3847,'2025-05-29 00:00:00',1),(3848,'2025-05-29 00:00:00',1),(3849,'2025-05-29 00:00:00',1),(3850,'2025-05-29 00:00:00',1),(3851,'2025-05-29 00:00:00',1),(3852,'2025-05-29 00:00:00',1),(3853,'2025-05-29 00:00:00',1),(3854,'2025-05-29 00:00:00',1),(3855,'2025-05-29 00:00:00',1),(3856,'2025-05-29 00:00:00',1),(3857,'2025-05-29 00:00:00',1),(3858,'2025-05-29 00:00:00',1),(3859,'2025-05-29 00:00:00',1),(3860,'2025-05-29 00:00:00',1),(3861,'2025-05-29 00:00:00',1),(3862,'2025-05-29 00:00:00',1),(3863,'2025-05-29 00:00:00',1),(3864,'2025-05-29 00:00:00',1),(3865,'2025-05-29 00:00:00',1),(3866,'2025-05-29 00:00:00',1),(3867,'2025-05-29 00:00:00',1),(3868,'2025-05-29 00:00:00',1),(3869,'2025-05-29 00:00:00',1),(3870,'2025-05-29 00:00:00',1),(3871,'2025-05-29 00:00:00',1),(3872,'2025-05-29 00:00:00',1),(3873,'2025-05-29 00:00:00',1),(3874,'2025-05-29 00:00:00',1),(3875,'2025-05-29 00:00:00',1),(3876,'2025-05-29 00:00:00',1),(3877,'2025-05-29 00:00:00',1),(3878,'2025-05-29 00:00:00',1),(3879,'2025-05-29 00:00:00',1),(3880,'2025-05-29 00:00:00',1),(3881,'2025-05-29 00:00:00',1),(3882,'2025-05-29 00:00:00',1),(3883,'2025-05-29 00:00:00',1),(3884,'2025-05-29 00:00:00',1),(3885,'2025-05-29 00:00:00',1),(3886,'2025-05-29 00:00:00',1),(3887,'2025-05-29 00:00:00',1),(3888,'2025-05-29 00:00:00',1),(3889,'2025-05-29 00:00:00',1),(3890,'2025-05-29 00:00:00',1),(3891,'2025-05-29 00:00:00',1),(3892,'2025-05-29 00:00:00',1),(3893,'2025-05-29 00:00:00',1),(3894,'2025-05-29 00:00:00',1),(3895,'2025-05-29 00:00:00',1),(3896,'2025-05-29 00:00:00',1),(3897,'2025-05-29 00:00:00',1),(3898,'2025-05-29 00:00:00',1),(3899,'2025-05-29 00:00:00',1),(3900,'2025-05-29 00:00:00',1),(3901,'2025-05-29 00:00:00',1),(3902,'2025-05-29 00:00:00',1),(3903,'2025-05-29 00:00:00',1),(3904,'2025-05-29 00:00:00',1),(3905,'2025-05-29 00:00:00',1),(3906,'2025-05-29 00:00:00',1),(3907,'2025-05-29 00:00:00',1),(3908,'2025-05-29 00:00:00',1),(3909,'2025-05-29 00:00:00',1),(3910,'2025-05-29 00:00:00',1),(3911,'2025-05-29 00:00:00',1),(3912,'2025-05-29 00:00:00',1),(3913,'2025-05-29 00:00:00',1),(3914,'2025-05-29 00:00:00',1),(3915,'2025-05-29 00:00:00',1),(3916,'2025-05-29 00:00:00',1),(3917,'2025-05-29 00:00:00',1),(3918,'2025-05-29 00:00:00',1),(3919,'2025-05-29 00:00:00',1),(3920,'2025-05-29 00:00:00',1),(3921,'2025-05-29 00:00:00',1),(3922,'2025-05-29 00:00:00',1),(3923,'2025-05-29 00:00:00',1),(3924,'2025-05-29 00:00:00',1),(3925,'2025-05-29 00:00:00',1),(3926,'2025-05-29 00:00:00',1),(3927,'2025-05-29 00:00:00',1),(3928,'2025-05-29 00:00:00',1),(3929,'2025-05-29 00:00:00',1),(3930,'2025-05-29 00:00:00',1),(3931,'2025-05-29 00:00:00',1),(3932,'2025-05-29 00:00:00',1),(3933,'2025-05-29 00:00:00',1),(3934,'2025-05-29 00:00:00',1),(3935,'2025-05-29 00:00:00',1),(3936,'2025-05-29 00:00:00',1),(3937,'2025-05-29 00:00:00',1),(3938,'2025-05-29 00:00:00',1),(3939,'2025-05-29 00:00:00',1),(3940,'2025-05-29 00:00:00',1),(3941,'2025-05-29 00:00:00',1),(3942,'2025-05-29 00:00:00',1),(3943,'2025-05-29 00:00:00',1),(3944,'2025-05-29 00:00:00',1),(3945,'2025-05-29 00:00:00',1),(3946,'2025-05-29 00:00:00',1),(3947,'2025-05-29 00:00:00',1),(3948,'2025-05-29 00:00:00',1),(3949,'2025-05-29 00:00:00',1),(3950,'2025-05-29 00:00:00',1),(3951,'2025-05-29 00:00:00',1),(3952,'2025-05-29 00:00:00',1),(3953,'2025-05-29 00:00:00',1),(3954,'2025-05-29 00:00:00',1),(3955,'2025-05-29 00:00:00',1),(3956,'2025-05-29 00:00:00',1),(3957,'2025-05-29 00:00:00',1),(3958,'2025-05-29 00:00:00',1),(3959,'2025-05-29 00:00:00',1),(3960,'2025-05-29 00:00:00',1),(3961,'2025-05-29 00:00:00',1),(3962,'2025-05-29 00:00:00',1),(3963,'2025-05-29 00:00:00',1),(3964,'2025-05-29 00:00:00',1),(3965,'2025-05-29 00:00:00',1),(3966,'2025-05-29 00:00:00',1),(3967,'2025-05-29 00:00:00',1),(3968,'2025-05-29 00:00:00',1),(3969,'2025-05-29 00:00:00',1),(3970,'2025-05-29 00:00:00',1),(3971,'2025-05-29 00:00:00',1),(3972,'2025-05-29 00:00:00',1),(3973,'2025-05-29 00:00:00',1),(3974,'2025-05-29 00:00:00',1),(3975,'2025-05-29 00:00:00',1),(3976,'2025-05-29 00:00:00',1),(3977,'2025-05-29 00:00:00',1),(3978,'2025-05-29 00:00:00',1),(3979,'2025-05-29 00:00:00',1),(3980,'2025-05-29 00:00:00',1),(3981,'2025-05-29 00:00:00',1),(3982,'2025-05-29 00:00:00',1),(3983,'2025-05-29 00:00:00',1),(3984,'2025-05-29 00:00:00',1),(3985,'2025-05-29 00:00:00',1),(3986,'2025-05-29 00:00:00',1),(3987,'2025-05-29 00:00:00',1),(3988,'2025-05-29 00:00:00',1),(3989,'2025-05-29 00:00:00',1),(3990,'2025-05-29 00:00:00',1),(3991,'2025-05-29 00:00:00',1),(3992,'2025-05-29 00:00:00',1),(3993,'2025-05-29 00:00:00',1),(3994,'2025-05-29 00:00:00',1),(3995,'2025-05-29 00:00:00',1),(3996,'2025-05-29 00:00:00',1),(3997,'2025-05-29 00:00:00',1),(3998,'2025-05-29 00:00:00',1),(3999,'2025-05-29 00:00:00',1),(4000,'2025-05-29 00:00:00',1),(4001,'2025-05-29 00:00:00',1),(4002,'2025-05-29 00:00:00',1),(4003,'2025-05-29 00:00:00',1),(4004,'2025-05-29 00:00:00',1),(4005,'2025-05-29 00:00:00',1),(4006,'2025-05-29 00:00:00',1),(4007,'2025-05-29 00:00:00',1),(4008,'2025-05-29 00:00:00',1),(4009,'2025-05-29 00:00:00',1),(4010,'2025-05-29 00:00:00',1),(4011,'2025-05-29 00:00:00',1),(4012,'2025-05-29 00:00:00',1),(4013,'2025-05-29 00:00:00',1),(4014,'2025-05-29 00:00:00',1),(4015,'2025-05-29 00:00:00',1),(4016,'2025-05-29 00:00:00',1),(4017,'2025-05-29 00:00:00',1),(4018,'2025-05-29 00:00:00',1),(4019,'2025-05-29 00:00:00',1),(4020,'2025-05-29 00:00:00',1),(4021,'2025-05-29 00:00:00',1),(4022,'2025-05-29 00:00:00',1),(4023,'2025-05-29 00:00:00',1),(4024,'2025-05-29 00:00:00',1),(4025,'2025-05-29 00:00:00',1),(4026,'2025-05-29 00:00:00',1),(4027,'2025-05-29 00:00:00',1),(4028,'2025-05-29 00:00:00',1),(4029,'2025-05-29 00:00:00',1),(4030,'2025-05-29 00:00:00',1),(4031,'2025-05-29 00:00:00',1),(4032,'2025-05-29 00:00:00',1),(4033,'2025-05-29 00:00:00',1),(4034,'2025-05-29 00:00:00',1),(4035,'2025-05-29 00:00:00',1),(4036,'2025-05-29 00:00:00',1),(4037,'2025-05-29 00:00:00',1),(4038,'2025-05-29 00:00:00',1),(4039,'2025-05-29 00:00:00',1),(4040,'2025-05-29 00:00:00',1),(4041,'2025-05-29 00:00:00',1),(4042,'2025-05-29 00:00:00',1),(4043,'2025-05-29 00:00:00',1),(4044,'2025-05-29 00:00:00',1),(4045,'2025-05-29 00:00:00',1),(4046,'2025-05-29 00:00:00',1),(4047,'2025-05-29 00:00:00',1),(4048,'2025-05-29 00:00:00',1),(4049,'2025-05-29 00:00:00',1),(4050,'2025-05-29 00:00:00',1),(4051,'2025-05-29 00:00:00',1),(4052,'2025-05-29 00:00:00',1),(4053,'2025-05-29 00:00:00',1),(4054,'2025-05-29 00:00:00',1),(4055,'2025-05-29 00:00:00',1),(4056,'2025-05-29 00:00:00',1),(4057,'2025-05-29 00:00:00',1),(4058,'2025-05-29 00:00:00',1),(4059,'2025-05-29 00:00:00',1),(4060,'2025-05-29 00:00:00',1),(4061,'2025-05-29 00:00:00',1),(4062,'2025-05-29 00:00:00',1),(4063,'2025-05-29 00:00:00',1),(4064,'2025-05-29 00:00:00',1),(4065,'2025-05-29 00:00:00',1),(4066,'2025-05-29 00:00:00',1),(4067,'2025-05-29 00:00:00',1),(4068,'2025-05-29 00:00:00',1),(4069,'2025-05-29 00:00:00',1),(4070,'2025-05-29 00:00:00',1),(4071,'2025-05-29 00:00:00',1),(4072,'2025-05-29 00:00:00',1),(4073,'2025-05-29 00:00:00',1),(4074,'2025-05-29 00:00:00',1),(4075,'2025-05-29 00:00:00',1),(4076,'2025-05-29 00:00:00',1),(4077,'2025-05-29 00:00:00',1),(4078,'2025-05-29 00:00:00',1),(4079,'2025-05-29 00:00:00',1),(4080,'2025-05-29 00:00:00',1),(4081,'2025-05-29 00:00:00',1),(4082,'2025-05-29 00:00:00',1),(4083,'2025-05-29 00:00:00',1),(4084,'2025-05-29 00:00:00',1),(4085,'2025-05-29 00:00:00',1),(4086,'2025-05-29 00:00:00',1),(4087,'2025-05-29 00:00:00',1),(4088,'2025-05-29 00:00:00',1),(4089,'2025-05-29 00:00:00',1),(4090,'2025-05-29 00:00:00',1),(4091,'2025-05-29 00:00:00',1),(4092,'2025-05-29 00:00:00',1),(4093,'2025-05-29 00:00:00',1),(4094,'2025-05-29 00:00:00',1),(4095,'2025-05-29 00:00:00',1),(4096,'2025-05-29 00:00:00',1),(4097,'2025-05-29 00:00:00',1),(4098,'2025-05-29 00:00:00',1),(4099,'2025-05-29 00:00:00',1),(4100,'2025-05-29 00:00:00',1),(4101,'2025-05-29 00:00:00',1),(4102,'2025-05-29 00:00:00',1),(4103,'2025-05-29 00:00:00',1),(4104,'2025-05-29 00:00:00',1),(4105,'2025-05-29 00:00:00',1),(4106,'2025-05-29 00:00:00',1),(4107,'2025-05-29 00:00:00',1),(4108,'2025-05-29 00:00:00',1),(4109,'2025-05-29 00:00:00',1),(4110,'2025-05-29 00:00:00',1),(4111,'2025-05-29 00:00:00',1),(4112,'2025-05-29 00:00:00',1),(4113,'2025-05-29 00:00:00',1),(4114,'2025-05-29 00:00:00',1),(4115,'2025-05-29 00:00:00',1),(4116,'2025-05-29 00:00:00',1),(4117,'2025-05-29 00:00:00',1),(4118,'2025-05-29 00:00:00',1),(4119,'2025-05-29 00:00:00',1),(4120,'2025-05-29 00:00:00',1),(4121,'2025-05-29 00:00:00',1),(4122,'2025-05-29 00:00:00',1),(4123,'2025-05-29 00:00:00',1),(4124,'2025-05-29 00:00:00',1),(4125,'2025-05-29 00:00:00',1),(4126,'2025-05-29 00:00:00',1),(4127,'2025-05-29 00:00:00',1),(4128,'2025-05-29 00:00:00',1),(4129,'2025-05-29 00:00:00',1),(4130,'2025-05-29 00:00:00',1),(4131,'2025-05-30 00:00:00',1),(4132,'2025-05-30 00:00:00',1),(4133,'2025-05-30 00:00:00',1),(4134,'2025-05-30 00:00:00',1),(4135,'2025-05-30 00:00:00',1),(4136,'2025-05-30 00:00:00',1),(4137,'2025-05-30 00:00:00',1),(4138,'2025-05-30 00:00:00',1),(4139,'2025-05-30 00:00:00',1),(4140,'2025-05-30 00:00:00',1),(4141,'2025-05-30 00:00:00',1),(4142,'2025-05-30 00:00:00',1),(4143,'2025-05-30 00:00:00',1),(4144,'2025-05-30 00:00:00',1),(4145,'2025-05-30 00:00:00',1),(4146,'2025-05-30 00:00:00',1),(4147,'2025-05-30 00:00:00',1),(4148,'2025-05-30 00:00:00',1),(4149,'2025-05-30 00:00:00',1),(4150,'2025-05-30 00:00:00',1),(4151,'2025-05-30 00:00:00',1),(4152,'2025-05-30 00:00:00',1),(4153,'2025-05-30 00:00:00',1),(4154,'2025-05-30 00:00:00',1),(4155,'2025-05-30 00:00:00',1),(4156,'2025-05-30 00:00:00',1),(4157,'2025-05-30 00:00:00',1),(4158,'2025-05-30 00:00:00',1),(4159,'2025-05-30 00:00:00',1),(4160,'2025-05-30 00:00:00',1),(4161,'2025-05-30 00:00:00',1),(4162,'2025-05-30 00:00:00',1),(4163,'2025-05-30 00:00:00',1),(4164,'2025-05-30 00:00:00',1),(4165,'2025-05-30 00:00:00',1),(4166,'2025-05-30 00:00:00',1),(4167,'2025-05-30 00:00:00',1),(4168,'2025-05-30 00:00:00',1),(4169,'2025-05-30 00:00:00',1),(4170,'2025-05-30 00:00:00',1),(4171,'2025-05-30 00:00:00',1),(4172,'2025-05-30 00:00:00',1),(4173,'2025-05-30 00:00:00',1),(4174,'2025-05-30 00:00:00',1),(4175,'2025-05-30 00:00:00',1),(4176,'2025-05-30 00:00:00',1),(4177,'2025-05-30 00:00:00',1),(4178,'2025-05-30 00:00:00',1),(4179,'2025-05-30 00:00:00',1),(4180,'2025-05-30 00:00:00',1),(4181,'2025-05-30 00:00:00',1),(4182,'2025-05-30 00:00:00',1),(4183,'2025-05-30 00:00:00',1),(4184,'2025-05-30 00:00:00',1),(4185,'2025-05-30 00:00:00',1),(4186,'2025-05-30 00:00:00',1),(4187,'2025-05-30 00:00:00',1),(4188,'2025-05-30 00:00:00',1),(4189,'2025-05-30 00:00:00',1),(4190,'2025-05-30 00:00:00',1),(4191,'2025-05-30 00:00:00',1),(4192,'2025-05-30 00:00:00',1),(4193,'2025-05-30 00:00:00',1),(4194,'2025-05-30 00:00:00',1),(4195,'2025-05-30 00:00:00',1),(4196,'2025-05-30 00:00:00',1),(4197,'2025-05-30 00:00:00',1),(4198,'2025-05-30 00:00:00',1),(4199,'2025-05-30 00:00:00',1),(4200,'2025-05-30 00:00:00',1),(4201,'2025-05-30 00:00:00',1),(4202,'2025-05-30 00:00:00',1),(4203,'2025-05-30 00:00:00',1),(4204,'2025-05-30 00:00:00',1),(4205,'2025-05-30 00:00:00',1),(4206,'2025-05-30 00:00:00',1),(4207,'2025-05-30 00:00:00',1),(4208,'2025-05-30 00:00:00',1),(4209,'2025-05-30 00:00:00',1),(4210,'2025-05-30 00:00:00',1),(4211,'2025-05-30 00:00:00',1),(4212,'2025-05-30 00:00:00',1),(4213,'2025-05-30 00:00:00',1),(4214,'2025-05-30 00:00:00',1),(4215,'2025-05-30 00:00:00',1),(4216,'2025-05-30 00:00:00',1),(4217,'2025-05-30 00:00:00',1),(4218,'2025-05-30 00:00:00',1),(4219,'2025-05-30 00:00:00',1),(4220,'2025-05-30 00:00:00',1),(4221,'2025-05-30 00:00:00',1),(4222,'2025-05-30 00:00:00',1),(4223,'2025-05-30 00:00:00',1),(4224,'2025-05-30 00:00:00',1),(4225,'2025-05-30 00:00:00',1),(4226,'2025-05-30 00:00:00',1),(4227,'2025-05-30 00:00:00',1),(4228,'2025-05-30 00:00:00',1),(4229,'2025-05-30 00:00:00',1),(4230,'2025-05-30 00:00:00',1),(4231,'2025-05-30 00:00:00',1),(4232,'2025-05-30 00:00:00',1),(4233,'2025-05-30 00:00:00',1),(4234,'2025-05-30 00:00:00',1),(4235,'2025-05-30 00:00:00',1),(4236,'2025-05-30 00:00:00',1),(4237,'2025-05-30 00:00:00',1),(4238,'2025-05-30 00:00:00',1),(4239,'2025-05-30 00:00:00',1),(4240,'2025-05-30 00:00:00',1),(4241,'2025-05-30 00:00:00',1),(4242,'2025-05-30 00:00:00',1),(4243,'2025-05-30 00:00:00',1),(4244,'2025-05-30 00:00:00',1),(4245,'2025-05-30 00:00:00',1),(4246,'2025-05-31 00:00:00',1),(4247,'2025-05-31 00:00:00',1),(4248,'2025-05-31 00:00:00',1),(4249,'2025-05-31 00:00:00',1),(4250,'2025-05-31 00:00:00',1),(4251,'2025-05-31 00:00:00',1),(4252,'2025-05-31 00:00:00',1),(4253,'2025-05-31 00:00:00',1),(4254,'2025-05-31 00:00:00',1),(4255,'2025-05-31 00:00:00',1),(4256,'2025-05-31 00:00:00',1),(4257,'2025-05-31 00:00:00',1),(4258,'2025-05-31 00:00:00',1),(4259,'2025-05-31 00:00:00',1),(4260,'2025-05-31 00:00:00',1),(4261,'2025-05-31 00:00:00',1),(4262,'2025-05-31 00:00:00',1),(4263,'2025-05-31 00:00:00',1),(4264,'2025-05-31 00:00:00',1),(4265,'2025-05-31 00:00:00',1),(4266,'2025-05-31 00:00:00',1),(4267,'2025-05-31 00:00:00',1),(4268,'2025-05-31 00:00:00',1),(4269,'2025-05-31 00:00:00',1),(4270,'2025-05-31 00:00:00',1),(4271,'2025-05-31 00:00:00',1),(4272,'2025-05-31 00:00:00',1),(4273,'2025-05-31 00:00:00',1),(4274,'2025-05-31 00:00:00',1),(4275,'2025-05-31 00:00:00',1),(4276,'2025-05-31 00:00:00',1),(4277,'2025-05-31 00:00:00',1),(4278,'2025-05-31 00:00:00',1),(4279,'2025-05-31 00:00:00',1),(4280,'2025-05-31 00:00:00',1),(4281,'2025-05-31 00:00:00',1),(4282,'2025-05-31 00:00:00',1),(4283,'2025-05-31 00:00:00',1),(4284,'2025-05-31 00:00:00',1),(4285,'2025-05-31 00:00:00',1),(4286,'2025-05-31 00:00:00',1),(4287,'2025-05-31 00:00:00',1),(4288,'2025-05-31 00:00:00',1),(4289,'2025-05-31 00:00:00',1),(4290,'2025-05-31 00:00:00',1),(4291,'2025-05-31 00:00:00',1),(4292,'2025-05-31 00:00:00',1),(4293,'2025-05-31 00:00:00',1),(4294,'2025-05-31 00:00:00',1),(4295,'2025-05-31 00:00:00',1),(4296,'2025-05-31 00:00:00',1),(4297,'2025-05-31 00:00:00',1),(4298,'2025-05-31 00:00:00',1),(4299,'2025-05-31 00:00:00',1),(4300,'2025-05-31 00:00:00',1),(4301,'2025-05-31 00:00:00',1),(4302,'2025-05-31 00:00:00',1),(4303,'2025-05-31 00:00:00',1),(4304,'2025-05-31 00:00:00',1),(4305,'2025-05-31 00:00:00',1),(4306,'2025-05-31 00:00:00',1),(4307,'2025-05-31 00:00:00',1),(4308,'2025-05-31 00:00:00',1),(4309,'2025-05-31 00:00:00',1),(4310,'2025-05-31 00:00:00',1),(4311,'2025-05-31 00:00:00',1),(4312,'2025-05-31 00:00:00',1),(4313,'2025-05-31 00:00:00',1),(4314,'2025-05-31 00:00:00',1),(4315,'2025-05-31 00:00:00',1),(4316,'2025-05-31 00:00:00',1),(4317,'2025-05-31 00:00:00',1),(4318,'2025-05-31 00:00:00',1),(4319,'2025-05-31 00:00:00',1),(4320,'2025-05-31 00:00:00',1),(4321,'2025-05-31 00:00:00',1),(4322,'2025-05-31 00:00:00',1),(4323,'2025-05-31 00:00:00',1),(4324,'2025-05-31 00:00:00',1),(4325,'2025-05-31 00:00:00',1),(4326,'2025-05-31 00:00:00',1),(4327,'2025-05-31 00:00:00',1),(4328,'2025-05-31 00:00:00',1),(4329,'2025-05-31 00:00:00',1),(4330,'2025-05-31 00:00:00',1),(4331,'2025-05-31 00:00:00',1),(4332,'2025-05-31 00:00:00',1),(4333,'2025-05-31 00:00:00',1),(4334,'2025-06-01 00:00:00',1),(4335,'2025-06-01 00:00:00',1),(4336,'2025-06-01 00:00:00',1),(4337,'2025-06-01 00:00:00',1),(4338,'2025-06-01 00:00:00',1),(4339,'2025-06-01 00:00:00',1),(4340,'2025-06-01 00:00:00',1),(4341,'2025-06-01 00:00:00',1),(4342,'2025-06-01 00:00:00',1),(4343,'2025-06-01 00:00:00',1),(4344,'2025-06-01 00:00:00',1),(4345,'2025-06-01 00:00:00',1),(4346,'2025-06-01 00:00:00',1),(4347,'2025-06-01 00:00:00',1),(4348,'2025-06-01 00:00:00',1),(4349,'2025-06-01 00:00:00',1),(4350,'2025-06-01 00:00:00',1),(4351,'2025-06-01 00:00:00',1),(4352,'2025-06-01 00:00:00',1),(4353,'2025-06-01 00:00:00',1),(4354,'2025-06-01 00:00:00',1),(4355,'2025-06-01 00:00:00',1),(4356,'2025-06-01 00:00:00',1),(4357,'2025-06-01 00:00:00',1),(4358,'2025-06-01 00:00:00',1),(4359,'2025-06-01 00:00:00',1),(4360,'2025-06-01 00:00:00',1),(4361,'2025-06-01 00:00:00',1),(4362,'2025-06-01 00:00:00',1),(4363,'2025-06-01 00:00:00',1),(4364,'2025-06-01 00:00:00',1),(4365,'2025-06-01 00:00:00',1),(4366,'2025-06-01 00:00:00',1),(4367,'2025-06-01 00:00:00',1),(4368,'2025-06-01 00:00:00',1),(4369,'2025-06-01 00:00:00',1),(4370,'2025-06-01 00:00:00',1),(4371,'2025-06-01 00:00:00',1),(4372,'2025-06-01 00:00:00',1),(4373,'2025-06-01 00:00:00',1),(4374,'2025-06-01 00:00:00',1),(4375,'2025-06-01 00:00:00',1),(4376,'2025-06-01 00:00:00',1),(4377,'2025-06-01 00:00:00',1),(4378,'2025-06-01 00:00:00',1),(4379,'2025-06-01 00:00:00',1),(4380,'2025-06-01 00:00:00',1),(4381,'2025-06-01 00:00:00',1),(4382,'2025-06-01 00:00:00',1),(4383,'2025-06-01 00:00:00',1),(4384,'2025-06-01 00:00:00',1),(4385,'2025-06-01 00:00:00',1),(4386,'2025-06-01 00:00:00',1),(4387,'2025-06-01 00:00:00',1),(4388,'2025-06-01 00:00:00',1),(4389,'2025-06-01 00:00:00',1),(4390,'2025-06-01 00:00:00',1),(4391,'2025-06-01 00:00:00',1),(4392,'2025-06-01 00:00:00',1),(4393,'2025-06-01 00:00:00',1),(4394,'2025-06-01 00:00:00',1),(4395,'2025-06-01 00:00:00',1),(4396,'2025-06-01 00:00:00',1),(4397,'2025-06-01 00:00:00',1),(4398,'2025-06-01 00:00:00',1),(4399,'2025-06-01 00:00:00',1),(4400,'2025-06-01 00:00:00',1),(4401,'2025-06-01 00:00:00',1),(4402,'2025-06-01 00:00:00',1),(4403,'2025-06-01 00:00:00',1),(4404,'2025-06-01 00:00:00',1),(4405,'2025-06-01 00:00:00',1),(4406,'2025-06-01 00:00:00',1),(4407,'2025-06-01 00:00:00',1),(4408,'2025-06-01 00:00:00',1),(4409,'2025-06-01 00:00:00',1),(4410,'2025-06-01 00:00:00',1),(4411,'2025-06-01 00:00:00',1),(4412,'2025-06-01 00:00:00',1),(4413,'2025-06-01 00:00:00',1),(4414,'2025-06-01 00:00:00',1),(4415,'2025-06-01 00:00:00',1),(4416,'2025-06-01 00:00:00',1),(4417,'2025-06-01 00:00:00',1),(4418,'2025-06-01 00:00:00',1),(4419,'2025-06-01 00:00:00',1),(4420,'2025-06-01 00:00:00',1),(4421,'2025-06-01 00:00:00',1),(4422,'2025-06-01 00:00:00',1),(4423,'2025-06-01 00:00:00',1),(4424,'2025-06-01 00:00:00',1),(4425,'2025-06-01 00:00:00',1),(4426,'2025-06-01 00:00:00',1),(4427,'2025-06-01 00:00:00',1),(4428,'2025-06-01 00:00:00',1),(4429,'2025-06-01 00:00:00',1),(4430,'2025-06-01 00:00:00',1),(4431,'2025-06-01 00:00:00',1),(4432,'2025-06-01 00:00:00',1),(4433,'2025-06-01 00:00:00',1),(4434,'2025-06-01 00:00:00',1),(4435,'2025-06-01 00:00:00',1),(4436,'2025-06-01 00:00:00',1),(4437,'2025-06-01 00:00:00',1),(4438,'2025-06-01 00:00:00',1),(4439,'2025-06-01 00:00:00',1),(4440,'2025-06-01 00:00:00',1),(4441,'2025-06-01 00:00:00',1),(4442,'2025-06-01 00:00:00',1),(4443,'2025-06-01 00:00:00',1),(4444,'2025-06-01 00:00:00',1),(4445,'2025-06-01 00:00:00',1),(4446,'2025-06-01 00:00:00',1),(4447,'2025-06-01 00:00:00',1),(4448,'2025-06-01 00:00:00',1),(4449,'2025-06-01 00:00:00',1),(4450,'2025-06-01 00:00:00',1),(4451,'2025-06-01 00:00:00',1),(4452,'2025-06-01 00:00:00',1),(4453,'2025-06-01 00:00:00',1),(4454,'2025-06-01 00:00:00',1),(4455,'2025-06-01 00:00:00',1),(4456,'2025-06-01 00:00:00',1),(4457,'2025-06-01 00:00:00',1),(4458,'2025-06-01 00:00:00',1),(4459,'2025-06-01 00:00:00',1),(4460,'2025-06-01 00:00:00',1),(4461,'2025-06-01 00:00:00',1),(4462,'2025-06-01 00:00:00',1),(4463,'2025-06-01 00:00:00',1),(4464,'2025-06-01 00:00:00',1),(4465,'2025-06-01 00:00:00',1),(4466,'2025-06-01 00:00:00',1),(4467,'2025-06-01 00:00:00',1),(4468,'2025-06-01 00:00:00',1),(4469,'2025-06-01 00:00:00',1),(4470,'2025-06-01 00:00:00',1),(4471,'2025-06-01 00:00:00',1),(4472,'2025-06-01 00:00:00',1),(4473,'2025-06-01 00:00:00',1),(4474,'2025-06-01 00:00:00',1),(4475,'2025-06-01 00:00:00',1),(4476,'2025-06-01 00:00:00',1),(4477,'2025-06-01 00:00:00',1),(4478,'2025-06-01 00:00:00',1),(4479,'2025-06-01 00:00:00',1),(4480,'2025-06-01 00:00:00',1),(4481,'2025-06-01 00:00:00',1),(4482,'2025-06-01 00:00:00',1),(4483,'2025-06-01 00:00:00',1),(4484,'2025-06-01 00:00:00',1),(4485,'2025-06-01 00:00:00',1),(4486,'2025-06-01 00:00:00',1),(4487,'2025-06-01 00:00:00',1),(4488,'2025-06-01 00:00:00',1),(4489,'2025-06-01 00:00:00',1),(4490,'2025-06-01 00:00:00',1),(4491,'2025-06-01 00:00:00',1),(4492,'2025-06-01 00:00:00',1),(4493,'2025-06-01 00:00:00',1),(4494,'2025-06-01 00:00:00',1),(4495,'2025-06-01 00:00:00',1),(4496,'2025-06-01 00:00:00',1),(4497,'2025-06-01 00:00:00',1),(4498,'2025-06-01 00:00:00',1),(4499,'2025-06-01 00:00:00',1),(4500,'2025-06-01 00:00:00',1),(4501,'2025-06-01 00:00:00',1),(4502,'2025-06-01 00:00:00',1),(4503,'2025-06-01 00:00:00',1),(4504,'2025-06-01 00:00:00',1),(4505,'2025-06-01 00:00:00',1),(4506,'2025-06-01 00:00:00',1),(4507,'2025-06-01 00:00:00',1),(4508,'2025-06-01 00:00:00',1),(4509,'2025-06-01 00:00:00',1),(4510,'2025-06-01 00:00:00',1),(4511,'2025-06-01 00:00:00',1),(4512,'2025-06-01 00:00:00',1),(4513,'2025-06-01 00:00:00',1),(4514,'2025-06-01 00:00:00',1),(4515,'2025-06-01 00:00:00',1),(4516,'2025-06-01 00:00:00',1),(4517,'2025-06-01 00:00:00',1),(4518,'2025-06-01 00:00:00',1),(4519,'2025-06-01 00:00:00',1),(4520,'2025-06-01 00:00:00',1),(4521,'2025-06-01 00:00:00',1),(4522,'2025-06-01 00:00:00',1),(4523,'2025-06-01 00:00:00',1),(4524,'2025-06-01 00:00:00',1),(4525,'2025-06-01 00:00:00',1),(4526,'2025-06-01 00:00:00',1),(4527,'2025-06-01 00:00:00',1),(4528,'2025-06-01 00:00:00',1),(4529,'2025-06-01 00:00:00',1),(4530,'2025-06-01 00:00:00',1),(4531,'2025-06-01 00:00:00',1),(4532,'2025-06-01 00:00:00',1),(4533,'2025-06-01 00:00:00',1),(4534,'2025-06-01 00:00:00',1),(4535,'2025-06-01 00:00:00',1),(4536,'2025-06-01 00:00:00',1),(4537,'2025-06-01 00:00:00',1),(4538,'2025-06-01 00:00:00',1),(4539,'2025-06-01 00:00:00',1),(4540,'2025-06-02 00:00:00',1),(4541,'2025-06-02 00:00:00',1),(4542,'2025-06-02 00:00:00',1),(4543,'2025-06-02 00:00:00',1),(4544,'2025-06-02 00:00:00',1),(4545,'2025-06-02 00:00:00',1),(4546,'2025-06-02 00:00:00',1),(4547,'2025-06-02 00:00:00',1),(4548,'2025-06-02 00:00:00',1),(4549,'2025-06-02 00:00:00',1),(4550,'2025-06-02 00:00:00',1),(4551,'2025-06-02 00:00:00',1),(4552,'2025-06-02 00:00:00',1),(4553,'2025-06-02 00:00:00',1),(4554,'2025-06-02 00:00:00',1),(4555,'2025-06-02 00:00:00',1),(4556,'2025-06-02 00:00:00',1),(4557,'2025-06-02 00:00:00',1),(4558,'2025-06-02 00:00:00',1),(4559,'2025-06-02 00:00:00',1),(4560,'2025-06-02 00:00:00',1),(4561,'2025-06-02 00:00:00',1),(4562,'2025-06-02 00:00:00',1),(4563,'2025-06-02 00:00:00',1),(4564,'2025-06-02 00:00:00',1),(4565,'2025-06-02 00:00:00',1),(4566,'2025-06-02 00:00:00',1),(4567,'2025-06-02 00:00:00',1),(4568,'2025-06-02 00:00:00',1),(4569,'2025-06-02 00:00:00',1),(4570,'2025-06-02 00:00:00',1),(4571,'2025-06-02 00:00:00',1),(4572,'2025-06-02 00:00:00',1),(4573,'2025-06-02 00:00:00',1),(4574,'2025-06-02 00:00:00',1),(4575,'2025-06-02 00:00:00',1),(4576,'2025-06-02 00:00:00',1),(4577,'2025-06-02 00:00:00',1),(4578,'2025-06-02 00:00:00',1),(4579,'2025-06-02 00:00:00',1),(4580,'2025-06-02 00:00:00',1),(4581,'2025-06-02 00:00:00',1),(4582,'2025-06-02 00:00:00',1),(4583,'2025-06-02 00:00:00',1),(4584,'2025-06-02 00:00:00',1),(4585,'2025-06-02 00:00:00',1),(4586,'2025-06-02 00:00:00',1),(4587,'2025-06-02 00:00:00',1),(4588,'2025-06-02 00:00:00',1),(4589,'2025-06-02 00:00:00',1),(4590,'2025-06-02 00:00:00',1),(4591,'2025-06-02 00:00:00',1),(4592,'2025-06-02 00:00:00',1),(4593,'2025-06-02 00:00:00',1),(4594,'2025-06-02 00:00:00',1),(4595,'2025-06-02 00:00:00',1),(4596,'2025-06-02 00:00:00',1),(4597,'2025-06-02 00:00:00',1),(4598,'2025-06-02 00:00:00',1),(4599,'2025-06-02 00:00:00',1),(4600,'2025-06-02 00:00:00',1),(4601,'2025-06-02 00:00:00',1),(4602,'2025-06-02 00:00:00',1),(4603,'2025-06-02 00:00:00',1),(4604,'2025-06-02 00:00:00',1),(4605,'2025-06-02 00:00:00',1),(4606,'2025-06-02 00:00:00',1),(4607,'2025-06-02 00:00:00',1),(4608,'2025-06-02 00:00:00',1),(4609,'2025-06-02 00:00:00',1),(4610,'2025-06-02 00:00:00',1),(4611,'2025-06-02 00:00:00',1),(4612,'2025-06-02 00:00:00',1),(4613,'2025-06-02 00:00:00',1),(4614,'2025-06-02 00:00:00',1),(4615,'2025-06-02 00:00:00',1),(4616,'2025-06-02 00:00:00',1),(4617,'2025-06-02 00:00:00',1),(4618,'2025-06-02 00:00:00',1),(4619,'2025-06-02 00:00:00',1),(4620,'2025-06-02 00:00:00',1),(4621,'2025-06-02 00:00:00',1),(4622,'2025-06-02 00:00:00',1),(4623,'2025-06-02 00:00:00',1),(4624,'2025-06-02 00:00:00',1),(4625,'2025-06-02 00:00:00',1),(4626,'2025-06-02 00:00:00',1),(4627,'2025-06-02 00:00:00',1),(4628,'2025-06-02 00:00:00',1),(4629,'2025-06-02 00:00:00',1),(4630,'2025-06-02 00:00:00',1),(4631,'2025-06-02 00:00:00',1),(4632,'2025-06-02 00:00:00',1),(4633,'2025-06-02 00:00:00',1),(4634,'2025-06-02 00:00:00',1),(4635,'2025-06-02 00:00:00',1),(4636,'2025-06-02 00:00:00',1),(4637,'2025-06-02 00:00:00',1),(4638,'2025-06-02 00:00:00',1),(4639,'2025-06-02 00:00:00',1),(4640,'2025-06-02 00:00:00',1),(4641,'2025-06-02 00:00:00',1),(4642,'2025-06-02 00:00:00',1),(4643,'2025-06-02 00:00:00',1),(4644,'2025-06-02 00:00:00',1),(4645,'2025-06-02 00:00:00',1),(4646,'2025-06-02 00:00:00',1),(4647,'2025-06-02 00:00:00',1),(4648,'2025-06-02 00:00:00',1),(4649,'2025-06-02 00:00:00',1),(4650,'2025-06-02 00:00:00',1),(4651,'2025-06-02 00:00:00',1),(4652,'2025-06-02 00:00:00',1),(4653,'2025-06-02 00:00:00',1),(4654,'2025-06-02 00:00:00',1),(4655,'2025-06-02 00:00:00',1),(4656,'2025-06-02 00:00:00',1),(4657,'2025-06-02 00:00:00',1),(4658,'2025-06-02 00:00:00',1),(4659,'2025-06-02 00:00:00',1),(4660,'2025-06-02 00:00:00',1),(4661,'2025-06-02 00:00:00',1),(4662,'2025-06-02 00:00:00',1),(4663,'2025-06-02 00:00:00',1),(4664,'2025-06-02 00:00:00',1),(4665,'2025-06-02 00:00:00',1),(4666,'2025-06-02 00:00:00',1),(4667,'2025-06-02 00:00:00',1),(4668,'2025-06-02 00:00:00',1),(4669,'2025-06-02 00:00:00',1),(4670,'2025-06-02 00:00:00',1),(4671,'2025-06-02 00:00:00',1),(4672,'2025-06-02 00:00:00',1),(4673,'2025-06-02 00:00:00',1),(4674,'2025-06-02 00:00:00',1),(4675,'2025-06-02 00:00:00',1),(4676,'2025-06-02 00:00:00',1),(4677,'2025-06-02 00:00:00',1),(4678,'2025-06-02 00:00:00',1),(4679,'2025-06-02 00:00:00',1),(4680,'2025-06-02 00:00:00',1),(4681,'2025-06-02 00:00:00',1),(4682,'2025-06-02 00:00:00',1),(4683,'2025-06-02 00:00:00',1),(4684,'2025-06-02 00:00:00',1),(4685,'2025-06-02 00:00:00',1),(4686,'2025-06-02 00:00:00',1),(4687,'2025-06-02 00:00:00',1),(4688,'2025-06-02 00:00:00',1),(4689,'2025-06-02 00:00:00',1),(4690,'2025-06-02 00:00:00',1),(4691,'2025-06-02 00:00:00',1),(4692,'2025-06-02 00:00:00',1),(4693,'2025-06-02 00:00:00',1),(4694,'2025-06-02 00:00:00',1),(4695,'2025-06-02 00:00:00',1),(4696,'2025-06-02 00:00:00',1),(4697,'2025-06-02 00:00:00',1),(4698,'2025-06-02 00:00:00',1),(4699,'2025-06-02 00:00:00',1),(4700,'2025-06-02 00:00:00',1),(4701,'2025-06-02 00:00:00',1),(4702,'2025-06-02 00:00:00',1),(4703,'2025-06-02 00:00:00',1),(4704,'2025-06-02 00:00:00',1),(4705,'2025-06-02 00:00:00',1),(4706,'2025-06-02 00:00:00',1),(4707,'2025-06-02 00:00:00',1),(4708,'2025-06-02 00:00:00',1),(4709,'2025-06-02 00:00:00',1),(4710,'2025-06-02 00:00:00',1),(4711,'2025-06-02 00:00:00',1),(4712,'2025-06-02 00:00:00',1),(4713,'2025-06-02 00:00:00',1),(4714,'2025-06-02 00:00:00',1),(4715,'2025-06-02 00:00:00',1),(4716,'2025-06-02 00:00:00',1),(4717,'2025-06-02 00:00:00',1),(4718,'2025-06-02 00:00:00',1),(4719,'2025-06-02 00:00:00',1),(4720,'2025-06-02 00:00:00',1),(4721,'2025-06-02 00:00:00',1),(4722,'2025-06-02 00:00:00',1),(4723,'2025-06-02 00:00:00',1),(4724,'2025-06-02 00:00:00',1),(4725,'2025-06-02 00:00:00',1),(4726,'2025-06-02 00:00:00',1),(4727,'2025-06-02 00:00:00',1),(4728,'2025-06-02 00:00:00',1),(4729,'2025-06-02 00:00:00',1),(4730,'2025-06-02 00:00:00',1),(4731,'2025-06-02 00:00:00',1),(4732,'2025-06-02 00:00:00',1),(4733,'2025-06-02 00:00:00',1),(4734,'2025-06-02 00:00:00',1),(4735,'2025-06-02 00:00:00',1),(4736,'2025-06-02 00:00:00',1),(4737,'2025-06-02 00:00:00',1),(4738,'2025-06-02 00:00:00',1),(4739,'2025-06-02 00:00:00',1),(4740,'2025-06-02 00:00:00',1),(4741,'2025-06-02 00:00:00',1),(4742,'2025-06-02 00:00:00',1),(4743,'2025-06-02 00:00:00',1),(4744,'2025-06-02 00:00:00',1),(4745,'2025-06-02 00:00:00',1),(4746,'2025-06-02 00:00:00',1),(4747,'2025-06-02 00:00:00',1),(4748,'2025-06-02 00:00:00',1),(4749,'2025-06-02 00:00:00',1),(4750,'2025-06-02 00:00:00',1),(4751,'2025-06-02 00:00:00',1),(4752,'2025-06-02 00:00:00',1),(4753,'2025-06-02 00:00:00',1),(4754,'2025-06-02 00:00:00',1),(4755,'2025-06-02 00:00:00',1),(4756,'2025-06-02 00:00:00',1),(4757,'2025-06-02 00:00:00',1),(4758,'2025-06-02 00:00:00',1),(4759,'2025-06-02 00:00:00',1),(4760,'2025-06-02 00:00:00',1),(4761,'2025-06-02 00:00:00',1),(4762,'2025-06-02 00:00:00',1),(4763,'2025-06-02 00:00:00',1),(4764,'2025-06-02 00:00:00',1),(4765,'2025-06-02 00:00:00',1),(4766,'2025-06-02 00:00:00',1),(4767,'2025-06-02 00:00:00',1),(4768,'2025-06-02 00:00:00',1),(4769,'2025-06-02 00:00:00',1),(4770,'2025-06-02 00:00:00',1),(4771,'2025-06-02 00:00:00',1),(4772,'2025-06-02 00:00:00',1),(4773,'2025-06-02 00:00:00',1),(4774,'2025-06-02 00:00:00',1),(4775,'2025-06-02 00:00:00',1),(4776,'2025-06-02 00:00:00',1),(4777,'2025-06-02 00:00:00',1),(4778,'2025-06-02 00:00:00',1),(4779,'2025-06-02 00:00:00',1),(4780,'2025-06-02 00:00:00',1),(4781,'2025-06-02 00:00:00',1),(4782,'2025-06-02 00:00:00',1),(4783,'2025-06-02 00:00:00',1),(4784,'2025-06-02 00:00:00',1),(4785,'2025-06-02 00:00:00',1),(4786,'2025-06-02 00:00:00',1),(4787,'2025-06-02 00:00:00',1),(4788,'2025-06-02 00:00:00',1),(4789,'2025-06-02 00:00:00',1),(4790,'2025-06-02 00:00:00',1),(4791,'2025-06-02 00:00:00',1),(4792,'2025-06-02 00:00:00',1),(4793,'2025-06-02 00:00:00',1),(4794,'2025-06-02 00:00:00',1),(4795,'2025-06-02 00:00:00',1),(4796,'2025-06-02 00:00:00',1),(4797,'2025-06-02 00:00:00',1),(4798,'2025-06-02 00:00:00',1),(4799,'2025-06-02 00:00:00',1),(4800,'2025-06-02 00:00:00',1),(4801,'2025-06-02 00:00:00',1),(4802,'2025-06-02 00:00:00',1),(4803,'2025-06-02 00:00:00',1),(4804,'2025-06-02 00:00:00',1),(4805,'2025-06-02 00:00:00',1),(4806,'2025-06-02 00:00:00',1),(4807,'2025-06-02 00:00:00',1),(4808,'2025-06-02 00:00:00',1),(4809,'2025-06-02 00:00:00',1),(4810,'2025-06-02 00:00:00',1),(4811,'2025-06-02 00:00:00',1),(4812,'2025-06-02 00:00:00',1),(4813,'2025-06-02 00:00:00',1),(4814,'2025-06-02 00:00:00',1),(4815,'2025-06-02 00:00:00',1),(4816,'2025-06-02 00:00:00',1),(4817,'2025-06-02 00:00:00',1),(4818,'2025-06-02 00:00:00',1),(4819,'2025-06-02 00:00:00',1),(4820,'2025-06-02 00:00:00',1),(4821,'2025-06-02 00:00:00',1),(4822,'2025-06-02 00:00:00',1),(4823,'2025-06-02 00:00:00',1),(4824,'2025-06-09 00:00:00',1),(4825,'2025-06-09 00:00:00',1),(4826,'2025-06-09 00:00:00',1),(4827,'2025-06-09 00:00:00',1),(4828,'2025-06-09 00:00:00',1),(4829,'2025-06-09 00:00:00',1),(4830,'2025-06-09 00:00:00',1),(4831,'2025-06-09 00:00:00',1),(4832,'2025-06-09 00:00:00',1),(4833,'2025-06-09 00:00:00',1),(4834,'2025-06-09 00:00:00',1),(4835,'2025-06-09 00:00:00',1),(4836,'2025-06-09 00:00:00',1),(4837,'2025-06-09 00:00:00',1),(4838,'2025-06-09 00:00:00',1),(4839,'2025-06-09 00:00:00',1),(4840,'2025-06-09 00:00:00',1),(4841,'2025-06-09 00:00:00',1),(4842,'2025-06-09 00:00:00',1),(4843,'2025-06-09 00:00:00',1),(4844,'2025-06-09 00:00:00',1),(4845,'2025-06-09 00:00:00',1),(4846,'2025-06-09 00:00:00',1),(4847,'2025-06-09 00:00:00',1),(4848,'2025-06-09 00:00:00',1),(4849,'2025-06-09 00:00:00',1),(4850,'2025-06-09 00:00:00',1);
/*!40000 ALTER TABLE `page_views` ENABLE KEYS */;
UNLOCK TABLES;

--
-- Table structure for table `pagos`
--

DROP TABLE IF EXISTS `pagos`;
/*!40101 SET @saved_cs_client     = @@character_set_client */;
/*!50503 SET character_set_client = utf8mb4 */;
CREATE TABLE `pagos` (
  `id` bigint NOT NULL AUTO_INCREMENT,
  `monto` int DEFAULT NULL,
  `fecha_pago` date DEFAULT NULL,
  `evidencia` text COLLATE utf8mb4_general_ci,
  `profesor_id` bigint DEFAULT NULL,
  `alumno_id` bigint DEFAULT NULL,
  PRIMARY KEY (`id`),
  KEY `fk_profesor` (`profesor_id`),
  KEY `fk_alumno` (`alumno_id`),
  CONSTRAINT `fk_alumno` FOREIGN KEY (`alumno_id`) REFERENCES `alumno` (`id`),
  CONSTRAINT `fk_profesor` FOREIGN KEY (`profesor_id`) REFERENCES `profesor` (`id`),
  CONSTRAINT `pagos_ibfk_1` FOREIGN KEY (`profesor_id`) REFERENCES `profesor` (`id`),
  CONSTRAINT `pagos_ibfk_2` FOREIGN KEY (`alumno_id`) REFERENCES `alumno` (`id`)
) ENGINE=InnoDB DEFAULT CHARSET=utf8mb4 COLLATE=utf8mb4_general_ci;
/*!40101 SET character_set_client = @saved_cs_client */;

--
-- Dumping data for table `pagos`
--

LOCK TABLES `pagos` WRITE;
/*!40000 ALTER TABLE `pagos` DISABLE KEYS */;
/*!40000 ALTER TABLE `pagos` ENABLE KEYS */;
UNLOCK TABLES;

--
-- Table structure for table `profesor`
--

DROP TABLE IF EXISTS `profesor`;
/*!40101 SET @saved_cs_client     = @@character_set_client */;
/*!50503 SET character_set_client = utf8mb4 */;
CREATE TABLE `profesor` (
  `id` bigint NOT NULL AUTO_INCREMENT,
  `nombre` varchar(42) COLLATE utf8mb4_general_ci DEFAULT NULL,
  `apellido` varchar(42) COLLATE utf8mb4_general_ci DEFAULT NULL,
  `email` varchar(100) COLLATE utf8mb4_general_ci DEFAULT NULL,
  `tipo` int DEFAULT NULL,
  `especialidad` varchar(255) COLLATE utf8mb4_general_ci DEFAULT NULL,
  `color` varchar(10) COLLATE utf8mb4_general_ci DEFAULT '#3788d8',
  `usuario_id` bigint DEFAULT NULL,
  PRIMARY KEY (`id`),
  UNIQUE KEY `email` (`email`),
  KEY `fk_usuario_id` (`usuario_id`),
  CONSTRAINT `fk_usuario_id` FOREIGN KEY (`usuario_id`) REFERENCES `usuarios` (`id`)
) ENGINE=InnoDB AUTO_INCREMENT=55 DEFAULT CHARSET=utf8mb4 COLLATE=utf8mb4_general_ci;
/*!40101 SET character_set_client = @saved_cs_client */;

--
-- Dumping data for table `profesor`
--

LOCK TABLES `profesor` WRITE;
/*!40000 ALTER TABLE `profesor` DISABLE KEYS */;
INSERT INTO `profesor` VALUES (35,'admin','profesor','admin@feelingmusic.com',2,'guitarra, piano, bateria, canto, bajo, cello, acordeon, ukelele','#3788d8',1),(38,'Isaac','Gajardo','Isaac@gmail.com',2,'guitarra, piano, bateria, bajo, acordeon','#37d752',NULL),(39,'Brandon','San Martín','brandon@gmail.com',2,'guitarra, piano, bateria, bajo, cello, ukelele','#a716d0',NULL),(40,'Claudia',' Iturbe','claudia@gmail.com',2,'canto','#ff00ae',NULL),(41,'Martín','Allende','martin@gmail.com',2,'piano, bateria','#e6df19',NULL),(42,'Diego','Peñailillo','diego@gmail.com',1,'guitarra, bateria, bajo','#3788d8',106),(43,'Pablo','León','pablo@gmail.com',1,'guitarra, piano, bateria, bajo','#ff0000',107);
/*!40000 ALTER TABLE `profesor` ENABLE KEYS */;
UNLOCK TABLES;

--
-- Table structure for table `profesor_horario`
--

DROP TABLE IF EXISTS `profesor_horario`;
/*!40101 SET @saved_cs_client     = @@character_set_client */;
/*!50503 SET character_set_client = utf8mb4 */;
CREATE TABLE `profesor_horario` (
  `id` bigint NOT NULL AUTO_INCREMENT,
  `profesor_id` bigint DEFAULT NULL,
  `horario_id` bigint DEFAULT NULL,
  PRIMARY KEY (`id`),
  KEY `profesor_id` (`profesor_id`),
  KEY `horario_id` (`horario_id`),
  CONSTRAINT `profesor_horario_ibfk_1` FOREIGN KEY (`profesor_id`) REFERENCES `profesor` (`id`),
  CONSTRAINT `profesor_horario_ibfk_2` FOREIGN KEY (`horario_id`) REFERENCES `horarios` (`id`)
) ENGINE=InnoDB AUTO_INCREMENT=58 DEFAULT CHARSET=utf8mb4 COLLATE=utf8mb4_general_ci;
/*!40101 SET character_set_client = @saved_cs_client */;

--
-- Dumping data for table `profesor_horario`
--

LOCK TABLES `profesor_horario` WRITE;
/*!40000 ALTER TABLE `profesor_horario` DISABLE KEYS */;
INSERT INTO `profesor_horario` VALUES (22,35,44),(23,35,45),(24,35,46),(25,35,47),(27,35,49),(28,35,50),(30,35,52),(31,35,53),(32,35,54),(33,35,55),(38,35,60),(41,35,63),(42,35,64),(43,35,65),(44,35,66),(45,35,67),(46,35,68),(48,38,70),(49,39,71),(50,39,72),(51,41,73),(52,43,74),(53,40,75),(54,43,76),(55,42,77),(56,42,78),(57,43,79);
/*!40000 ALTER TABLE `profesor_horario` ENABLE KEYS */;
UNLOCK TABLES;

--
-- Table structure for table `recuperaciones`
--

DROP TABLE IF EXISTS `recuperaciones`;
/*!40101 SET @saved_cs_client     = @@character_set_client */;
/*!50503 SET character_set_client = utf8mb4 */;
CREATE TABLE `recuperaciones` (
  `id` bigint NOT NULL AUTO_INCREMENT,
  `clase_id` bigint NOT NULL,
  `fecha_recuperacion` date NOT NULL,
  `horario_id` bigint NOT NULL,
  `profesor_id` bigint NOT NULL,
  `estado` enum('pendiente','completada') DEFAULT 'pendiente',
  `created_at` timestamp NULL DEFAULT CURRENT_TIMESTAMP,
  PRIMARY KEY (`id`),
  KEY `clase_id` (`clase_id`),
  KEY `horario_id` (`horario_id`),
  KEY `profesor_id` (`profesor_id`),
  CONSTRAINT `recuperaciones_ibfk_1` FOREIGN KEY (`clase_id`) REFERENCES `clases` (`id`),
  CONSTRAINT `recuperaciones_ibfk_2` FOREIGN KEY (`horario_id`) REFERENCES `horarios` (`id`),
  CONSTRAINT `recuperaciones_ibfk_3` FOREIGN KEY (`profesor_id`) REFERENCES `profesor` (`id`)
) ENGINE=InnoDB DEFAULT CHARSET=utf8mb4 COLLATE=utf8mb4_0900_ai_ci;
/*!40101 SET character_set_client = @saved_cs_client */;

--
-- Dumping data for table `recuperaciones`
--

LOCK TABLES `recuperaciones` WRITE;
/*!40000 ALTER TABLE `recuperaciones` DISABLE KEYS */;
/*!40000 ALTER TABLE `recuperaciones` ENABLE KEYS */;
UNLOCK TABLES;

--
-- Table structure for table `sala_horario`
--

DROP TABLE IF EXISTS `sala_horario`;
/*!40101 SET @saved_cs_client     = @@character_set_client */;
/*!50503 SET character_set_client = utf8mb4 */;
CREATE TABLE `sala_horario` (
  `id` bigint NOT NULL AUTO_INCREMENT,
  `sala_id` bigint DEFAULT NULL,
  `horario_id` bigint DEFAULT NULL,
  `profesor_id` bigint DEFAULT NULL,
  `clase_id` bigint DEFAULT NULL,
  PRIMARY KEY (`id`),
  KEY `sala_id` (`sala_id`),
  KEY `horario_id` (`horario_id`),
  KEY `profesor_id` (`profesor_id`),
  KEY `clase_id` (`clase_id`),
  CONSTRAINT `sala_horario_ibfk_1` FOREIGN KEY (`sala_id`) REFERENCES `salas` (`id`),
  CONSTRAINT `sala_horario_ibfk_2` FOREIGN KEY (`horario_id`) REFERENCES `horarios` (`id`),
  CONSTRAINT `sala_horario_ibfk_3` FOREIGN KEY (`profesor_id`) REFERENCES `profesor` (`id`),
  CONSTRAINT `sala_horario_ibfk_4` FOREIGN KEY (`clase_id`) REFERENCES `clases` (`id`)
) ENGINE=InnoDB AUTO_INCREMENT=231 DEFAULT CHARSET=utf8mb4 COLLATE=utf8mb4_general_ci;
/*!40101 SET character_set_client = @saved_cs_client */;

--
-- Dumping data for table `sala_horario`
--

LOCK TABLES `sala_horario` WRITE;
/*!40000 ALTER TABLE `sala_horario` DISABLE KEYS */;
INSERT INTO `sala_horario` VALUES (173,13,70,38,287),(179,16,74,43,293),(214,13,72,35,328),(215,19,44,35,329),(216,20,76,43,330),(217,20,76,43,331),(220,15,77,42,334),(225,20,78,42,339),(227,12,73,42,341),(229,12,79,43,343),(230,20,74,43,344);
/*!40000 ALTER TABLE `sala_horario` ENABLE KEYS */;
UNLOCK TABLES;

--
-- Table structure for table `sala_instrumento`
--

DROP TABLE IF EXISTS `sala_instrumento`;
/*!40101 SET @saved_cs_client     = @@character_set_client */;
/*!50503 SET character_set_client = utf8mb4 */;
CREATE TABLE `sala_instrumento` (
  `id` bigint NOT NULL AUTO_INCREMENT,
  `sala_id` bigint DEFAULT NULL,
  `instrumento_id` bigint DEFAULT NULL,
  PRIMARY KEY (`id`),
  KEY `sala_id` (`sala_id`),
  KEY `instrumento_id` (`instrumento_id`),
  CONSTRAINT `sala_instrumento_ibfk_1` FOREIGN KEY (`sala_id`) REFERENCES `salas` (`id`),
  CONSTRAINT `sala_instrumento_ibfk_2` FOREIGN KEY (`instrumento_id`) REFERENCES `instrumentos` (`id`)
) ENGINE=InnoDB DEFAULT CHARSET=utf8mb4 COLLATE=utf8mb4_general_ci;
/*!40101 SET character_set_client = @saved_cs_client */;

--
-- Dumping data for table `sala_instrumento`
--

LOCK TABLES `sala_instrumento` WRITE;
/*!40000 ALTER TABLE `sala_instrumento` DISABLE KEYS */;
/*!40000 ALTER TABLE `sala_instrumento` ENABLE KEYS */;
UNLOCK TABLES;

--
-- Table structure for table `salas`
--

DROP TABLE IF EXISTS `salas`;
/*!40101 SET @saved_cs_client     = @@character_set_client */;
/*!50503 SET character_set_client = utf8mb4 */;
CREATE TABLE `salas` (
  `id` bigint NOT NULL AUTO_INCREMENT,
  `nombre` varchar(42) COLLATE utf8mb4_general_ci DEFAULT NULL,
  `capacidad` int DEFAULT NULL,
  `profesor_id` bigint DEFAULT NULL,
  `nombre_personalizado` varchar(255) COLLATE utf8mb4_general_ci DEFAULT NULL,
  PRIMARY KEY (`id`),
  KEY `profesor_id` (`profesor_id`),
  CONSTRAINT `salas_ibfk_1` FOREIGN KEY (`profesor_id`) REFERENCES `profesor` (`id`)
) ENGINE=InnoDB AUTO_INCREMENT=24 DEFAULT CHARSET=utf8mb4 COLLATE=utf8mb4_general_ci;
/*!40101 SET character_set_client = @saved_cs_client */;

--
-- Dumping data for table `salas`
--

LOCK TABLES `salas` WRITE;
/*!40000 ALTER TABLE `salas` DISABLE KEYS */;
INSERT INTO `salas` VALUES (12,'Sala 6',10,NULL,'Escenario'),(13,'Sala 5',10,NULL,'Piano Central'),(14,'Sala 8',10,NULL,'Sala de ensayo 1'),(15,'Sala 7',10,NULL,'Oficina'),(16,'Sala 4',10,NULL,'Puerta Verde 2° piso'),(18,'Sala 1',10,NULL,'Sala Batería'),(19,'Sala 2',10,NULL,'Sector Guitarras'),(20,'Sala 3',10,NULL,'Puerta Piano'),(22,'Sala 9',10,NULL,'Sala de ensayo nueva'),(23,'Sala 10',10,NULL,'Sala Ventana');
/*!40000 ALTER TABLE `salas` ENABLE KEYS */;
UNLOCK TABLES;

--
-- Table structure for table `usuarios`
--

DROP TABLE IF EXISTS `usuarios`;
/*!40101 SET @saved_cs_client     = @@character_set_client */;
/*!50503 SET character_set_client = utf8mb4 */;
CREATE TABLE `usuarios` (
  `id` bigint NOT NULL AUTO_INCREMENT,
  `email_personal` varchar(100) COLLATE utf8mb4_general_ci DEFAULT NULL,
  `contrasena` varchar(60) COLLATE utf8mb4_general_ci DEFAULT NULL,
  `tipo` int DEFAULT NULL,
  `alumno_id` bigint DEFAULT NULL,
  `profesor_id` bigint DEFAULT NULL,
  `profesor_id_profesor` bigint DEFAULT NULL,
  PRIMARY KEY (`id`),
  KEY `alumno_id` (`alumno_id`),
  KEY `profesor_id` (`profesor_id`),
  KEY `fk_profesor_id_profesor` (`profesor_id_profesor`),
  CONSTRAINT `fk_profesor_id` FOREIGN KEY (`profesor_id`) REFERENCES `profesor` (`id`),
  CONSTRAINT `fk_profesor_id_profesor` FOREIGN KEY (`profesor_id_profesor`) REFERENCES `profesor` (`id`),
  CONSTRAINT `usuarios_ibfk_1` FOREIGN KEY (`alumno_id`) REFERENCES `alumno` (`id`),
  CONSTRAINT `usuarios_ibfk_2` FOREIGN KEY (`profesor_id`) REFERENCES `profesor` (`id`)
) ENGINE=InnoDB AUTO_INCREMENT=120 DEFAULT CHARSET=utf8mb4 COLLATE=utf8mb4_general_ci;
/*!40101 SET character_set_client = @saved_cs_client */;

--
-- Dumping data for table `usuarios`
--

LOCK TABLES `usuarios` WRITE;
/*!40000 ALTER TABLE `usuarios` DISABLE KEYS */;
INSERT INTO `usuarios` VALUES (1,'admin@feelingmusic.com','$2b$10$xBzSEMD3eIcFcGxYsGdBje/guzvjwIoCtFSV0bBQrVM7aoqeC68FK',1,NULL,35,NULL),(61,'juan.perez@gmail.com','$2b$10$BTRx5USkOGmctv.4ZbJS2.qf2gK0KaDJwIA219gj.n/nAqpXOX2GS',3,33,NULL,NULL),(62,'juan.pérez@example.com','$2b$10$EiHvze9ej6.aoTos6C45vOGyFfndflWUpY3FevJwmUP8uzd/fbByu',3,34,NULL,NULL),(63,'maría.garcía@example.com','$2b$10$EiHvze9ej6.aoTos6C45vOGyFfndflWUpY3FevJwmUP8uzd/fbByu',3,35,NULL,NULL),(64,'pedro.martínez@example.com','$2b$10$EiHvze9ej6.aoTos6C45vOGyFfndflWUpY3FevJwmUP8uzd/fbByu',3,36,NULL,NULL),(66,'luis.gonzález@example.com','$2b$10$EiHvze9ej6.aoTos6C45vOGyFfndflWUpY3FevJwmUP8uzd/fbByu',3,38,NULL,NULL),(67,'sofía.lópez@example.com','$2b$10$EiHvze9ej6.aoTos6C45vOGyFfndflWUpY3FevJwmUP8uzd/fbByu',3,39,NULL,NULL),(68,'carlos.díaz@example.com','$2b$10$EiHvze9ej6.aoTos6C45vOGyFfndflWUpY3FevJwmUP8uzd/fbByu',3,40,NULL,NULL),(69,'elena.hernández@example.com','$2b$10$EiHvze9ej6.aoTos6C45vOGyFfndflWUpY3FevJwmUP8uzd/fbByu',3,41,NULL,NULL),(70,'alejandro.morales@example.com','$2b$10$EiHvze9ej6.aoTos6C45vOGyFfndflWUpY3FevJwmUP8uzd/fbByu',3,42,NULL,NULL),(71,'valeria.gómez@example.com','$2b$10$EiHvze9ej6.aoTos6C45vOGyFfndflWUpY3FevJwmUP8uzd/fbByu',3,43,NULL,NULL),(72,'gabriel.sánchez@example.com','$2b$10$EiHvze9ej6.aoTos6C45vOGyFfndflWUpY3FevJwmUP8uzd/fbByu',3,44,NULL,NULL),(73,'isabella.ramírez@example.com','$2b$10$EiHvze9ej6.aoTos6C45vOGyFfndflWUpY3FevJwmUP8uzd/fbByu',3,45,NULL,NULL),(74,'julian.torres@example.com','$2b$10$EiHvze9ej6.aoTos6C45vOGyFfndflWUpY3FevJwmUP8uzd/fbByu',3,46,NULL,NULL),(75,'lucia.flores@example.com','$2b$10$EiHvze9ej6.aoTos6C45vOGyFfndflWUpY3FevJwmUP8uzd/fbByu',3,47,NULL,NULL),(76,'mateo.rivera@example.com','$2b$10$EiHvze9ej6.aoTos6C45vOGyFfndflWUpY3FevJwmUP8uzd/fbByu',3,48,NULL,NULL),(77,'daniela.castillo@example.com','$2b$10$EiHvze9ej6.aoTos6C45vOGyFfndflWUpY3FevJwmUP8uzd/fbByu',3,49,NULL,NULL),(78,'sebastian.cruz@example.com','$2b$10$EiHvze9ej6.aoTos6C45vOGyFfndflWUpY3FevJwmUP8uzd/fbByu',3,50,NULL,NULL),(79,'paula.ortiz@example.com','$2b$10$EiHvze9ej6.aoTos6C45vOGyFfndflWUpY3FevJwmUP8uzd/fbByu',3,51,NULL,NULL),(80,'nicolás.gutiérrez@example.com','$2b$10$EiHvze9ej6.aoTos6C45vOGyFfndflWUpY3FevJwmUP8uzd/fbByu',3,52,NULL,NULL),(81,'gabriela.álvarez@example.com','$2b$10$EiHvze9ej6.aoTos6C45vOGyFfndflWUpY3FevJwmUP8uzd/fbByu',3,53,NULL,NULL),(83,'laura.martinez@gmail.com','sof4321',3,54,35,NULL),(84,'felipetorres@gmail.com','fel9104',3,55,35,NULL),(85,'felipetorress@gmail.com','fel9104',3,58,35,NULL),(86,'javieramolina@gmail.com','jav7895',3,59,35,NULL),(87,'juano@gmail.com','jua4329',3,60,35,NULL),(88,'laura.martinez@gmail.coa','fdh4324',3,64,35,NULL),(90,'laura.martignez@gmail.com','fre4322',3,65,35,NULL),(91,'laura.dccdmartinez@gmail.com','nic4325',3,66,35,NULL),(93,'beethoven@gmail.com','lud4328',3,68,35,NULL),(94,'beethoven1@gmail.com','lud4326',3,69,35,NULL),(95,'niclop@gmail.com','nic4320',3,70,35,NULL),(96,'matiasdiaz@gmail.com','mat2193',3,71,35,NULL),(97,'julianreyes@gmail.com','jul8468',3,72,35,NULL),(98,'franciscavaldes@gmail.com','fra4321',3,73,35,NULL),(100,'alumnoprueba2@gmail.com','alu1211',3,75,35,NULL),(102,'Isaac@gmail.com','$2b$10$6sEUcekCiRqhOleKPh5MkuiboNrMnFSGsTMgy4EujenFypZFdVgXu',2,NULL,38,NULL),(103,'brandon@gmail.com','$2b$10$us3P2CmM.ZQts9NYLV3k4ODC2makbGmTPbhf7DJaVqhilfnISKHxK',2,NULL,39,NULL),(104,'claudia@gmail.com','$2b$10$BuM9Y.f0zrMBtQuRRIMnQerNyKKNZRkJZlg9fua9NmwpEPqOi4Zke',2,NULL,40,NULL),(105,'martin@gmail.com','$2b$10$2CjtHv.RjPl53B7.tCpXXuLMjvRkJ6TTB2omj1gBy1W/y.s85pHsS',2,NULL,41,NULL),(106,'diego@gmail.com','$2b$10$mugdrIo//gJonj8gyLm8KeDnr5sDWN64BlBPHsHVYvva32Qt8lX5i',1,NULL,42,NULL),(107,'pablo@gmail.com','$2b$10$G7INcaQyP7iM2hbTPa4alergn2ZEMIxBSmYpdmjkI4.cOU3zqasI6',1,NULL,43,NULL),(108,'ana@gmail.com','ana3133',3,76,35,NULL),(117,'vicente@gmail.com','vic7235',3,77,42,NULL);
/*!40000 ALTER TABLE `usuarios` ENABLE KEYS */;
UNLOCK TABLES;
/*!40103 SET TIME_ZONE=@OLD_TIME_ZONE */;

/*!40101 SET SQL_MODE=@OLD_SQL_MODE */;
/*!40014 SET FOREIGN_KEY_CHECKS=@OLD_FOREIGN_KEY_CHECKS */;
/*!40014 SET UNIQUE_CHECKS=@OLD_UNIQUE_CHECKS */;
/*!40101 SET CHARACTER_SET_CLIENT=@OLD_CHARACTER_SET_CLIENT */;
/*!40101 SET CHARACTER_SET_RESULTS=@OLD_CHARACTER_SET_RESULTS */;
/*!40101 SET COLLATION_CONNECTION=@OLD_COLLATION_CONNECTION */;
/*!40111 SET SQL_NOTES=@OLD_SQL_NOTES */;

-- Dump completed on 2025-06-13 19:25:14
